-- phpMyAdmin SQL Dump
-- version 4.8.5
-- https://www.phpmyadmin.net/
--
-- Host: 127.0.0.1
-- Generation Time: Apr 28, 2019 at 07:58 PM
-- Server version: 10.1.38-MariaDB
-- PHP Version: 7.3.3

SET SQL_MODE = "NO_AUTO_VALUE_ON_ZERO";
SET AUTOCOMMIT = 0;
START TRANSACTION;
SET time_zone = "+00:00";


/*!40101 SET @OLD_CHARACTER_SET_CLIENT=@@CHARACTER_SET_CLIENT */;
/*!40101 SET @OLD_CHARACTER_SET_RESULTS=@@CHARACTER_SET_RESULTS */;
/*!40101 SET @OLD_COLLATION_CONNECTION=@@COLLATION_CONNECTION */;
/*!40101 SET NAMES utf8mb4 */;

--
-- Database: `eapi`
--

-- --------------------------------------------------------

--
-- Table structure for table `migrations`
--

CREATE TABLE `migrations` (
  `id` int(10) UNSIGNED NOT NULL,
  `migration` varchar(191) COLLATE utf8mb4_unicode_ci NOT NULL,
  `batch` int(11) NOT NULL
) ENGINE=InnoDB DEFAULT CHARSET=utf8mb4 COLLATE=utf8mb4_unicode_ci;

--
-- Dumping data for table `migrations`
--

INSERT INTO `migrations` (`id`, `migration`, `batch`) VALUES
(9, '2014_10_12_000000_create_users_table', 1),
(10, '2014_10_12_100000_create_password_resets_table', 1),
(11, '2019_04_28_104522_create_products_table', 1),
(12, '2019_04_28_104643_create_reviews_table', 1);

-- --------------------------------------------------------

--
-- Table structure for table `password_resets`
--

CREATE TABLE `password_resets` (
  `email` varchar(191) COLLATE utf8mb4_unicode_ci NOT NULL,
  `token` varchar(191) COLLATE utf8mb4_unicode_ci NOT NULL,
  `created_at` timestamp NULL DEFAULT NULL
) ENGINE=InnoDB DEFAULT CHARSET=utf8mb4 COLLATE=utf8mb4_unicode_ci;

-- --------------------------------------------------------

--
-- Table structure for table `products`
--

CREATE TABLE `products` (
  `id` bigint(20) UNSIGNED NOT NULL,
  `name` varchar(191) COLLATE utf8mb4_unicode_ci NOT NULL,
  `detail` text COLLATE utf8mb4_unicode_ci NOT NULL,
  `price` int(11) NOT NULL,
  `stock` int(11) NOT NULL,
  `discount` int(11) NOT NULL,
  `created_at` timestamp NULL DEFAULT NULL,
  `updated_at` timestamp NULL DEFAULT NULL
) ENGINE=InnoDB DEFAULT CHARSET=utf8mb4 COLLATE=utf8mb4_unicode_ci;

--
-- Dumping data for table `products`
--

INSERT INTO `products` (`id`, `name`, `detail`, `price`, `stock`, `discount`, `created_at`, `updated_at`) VALUES
(1, 'eum', 'Illo nemo sit totam illum eos at ducimus. Eum sit expedita exercitationem soluta et nam. Eius nobis aut quo sunt.', 404, 7, 8, '2019-04-28 15:53:57', '2019-04-28 15:53:57'),
(2, 'maiores', 'Officia reiciendis ut reprehenderit ea qui est molestiae. Optio et illum fugiat et mollitia architecto animi. Doloremque a ipsam corrupti. Quo quo facilis eius voluptas sequi sit veritatis.', 266, 3, 29, '2019-04-28 15:53:57', '2019-04-28 15:53:57'),
(3, 'quo', 'Sed nihil ut aut molestias et atque eos. Sunt aut enim provident doloremque rerum ratione. Quas fugiat et dolor maiores nemo rem ea. Tempore corporis mollitia sint. Quia autem consequatur consequatur.', 156, 3, 21, '2019-04-28 15:53:57', '2019-04-28 15:53:57'),
(4, 'ea', 'Ex incidunt est ipsa dolorum animi dolores asperiores earum. Ullam tempore tempore illo expedita consectetur et velit. Similique perferendis expedita quaerat quis consectetur molestias. Error mollitia minus quos sit sed.', 754, 9, 5, '2019-04-28 15:53:57', '2019-04-28 15:53:57'),
(5, 'sunt', 'Aliquid optio nulla est voluptates nihil perspiciatis voluptas magnam. Omnis natus magni architecto fugiat. Est reiciendis nesciunt hic saepe.', 112, 7, 17, '2019-04-28 15:53:57', '2019-04-28 15:53:57'),
(6, 'corrupti', 'Praesentium maxime odio ullam qui maxime. Vel ea qui libero. Saepe nesciunt est voluptas dolore minima nesciunt qui. Ut consequatur suscipit dignissimos.', 231, 4, 25, '2019-04-28 15:53:57', '2019-04-28 15:53:57'),
(7, 'et', 'Voluptatem rem id sed nisi. Quaerat animi ea sunt accusamus quibusdam saepe. Doloremque eius occaecati reiciendis expedita ut quaerat corporis. Aut quaerat optio vel aperiam velit quia.', 341, 0, 27, '2019-04-28 15:53:57', '2019-04-28 15:53:57'),
(8, 'velit', 'Vitae neque consequatur et eius. Laudantium qui dolorum est cumque sit. Aspernatur numquam autem cupiditate. Corporis enim qui sed omnis temporibus.', 118, 3, 19, '2019-04-28 15:53:57', '2019-04-28 15:53:57'),
(9, 'molestias', 'Ut incidunt unde ad vitae. Cumque autem impedit doloribus dignissimos voluptas.', 690, 3, 4, '2019-04-28 15:53:57', '2019-04-28 15:53:57'),
(10, 'laudantium', 'Nam excepturi iusto pariatur. Commodi ut totam nemo placeat tempore et qui. Velit inventore dignissimos nihil quisquam aspernatur. Voluptates sed assumenda quia est nisi earum exercitationem.', 738, 5, 23, '2019-04-28 15:53:57', '2019-04-28 15:53:57'),
(11, 'iure', 'Et recusandae tenetur laudantium quibusdam. Magni est enim molestias dicta. Sed nulla quis rerum aspernatur voluptas. Sint in est nostrum ut reprehenderit alias et cupiditate.', 614, 6, 23, '2019-04-28 15:53:57', '2019-04-28 15:53:57'),
(12, 'a', 'Ut voluptatum ex quam dignissimos velit omnis. Inventore voluptatem inventore qui delectus odit vero. Sit tenetur itaque vero eaque veniam.', 771, 6, 4, '2019-04-28 15:53:57', '2019-04-28 15:53:57'),
(13, 'qui', 'Dolores nihil est vel et. Deserunt et et voluptas nulla illum voluptatem delectus. Deserunt qui debitis corrupti ut rerum cumque voluptatem. Fugiat maiores sit sed.', 443, 4, 15, '2019-04-28 15:53:57', '2019-04-28 15:53:57'),
(14, 'rerum', 'Ut aut natus consequuntur. Molestias nam perferendis neque voluptas. Illum mollitia unde voluptates ut quia harum fugit.', 254, 9, 14, '2019-04-28 15:53:57', '2019-04-28 15:53:57'),
(15, 'voluptatibus', 'Dolores reiciendis perferendis sapiente quas. Nobis pariatur ab non sunt ullam consequatur dolor. Sed libero sit ut temporibus. Ut aut quo dignissimos.', 721, 8, 29, '2019-04-28 15:53:57', '2019-04-28 15:53:57'),
(16, 'sed', 'Quisquam voluptas praesentium pariatur consequatur. Distinctio ab odio et dolores quae autem fugit maiores. Eveniet iure ducimus dignissimos saepe quia culpa quia. Doloribus sit laudantium voluptatum mollitia qui.', 631, 5, 23, '2019-04-28 15:53:57', '2019-04-28 15:53:57'),
(17, 'facilis', 'Ea in magni non dolore. Voluptas aut accusantium doloribus. Quod quia sapiente dignissimos sint.', 894, 0, 3, '2019-04-28 15:53:57', '2019-04-28 15:53:57'),
(18, 'saepe', 'Recusandae ut adipisci corporis excepturi labore unde. Incidunt cum dolor consequatur aperiam similique et accusantium accusamus. Autem qui aut ab similique.', 661, 1, 9, '2019-04-28 15:53:57', '2019-04-28 15:53:57'),
(19, 'magni', 'Autem numquam nemo tempore qui. Id commodi qui doloribus iusto in laudantium facere. Eum ab totam laudantium sit nisi.', 231, 9, 3, '2019-04-28 15:53:57', '2019-04-28 15:53:57'),
(20, 'officiis', 'Est ipsa illo cumque ullam soluta et. Ipsam architecto quia ut eum voluptatum non. Deleniti et molestias quaerat illo veniam et illo.', 754, 7, 16, '2019-04-28 15:53:57', '2019-04-28 15:53:57'),
(21, 'dolor', 'Maxime nam rem natus in temporibus. Aut aperiam voluptatem hic aut dolores. Reiciendis magni tempore qui eos labore aut. Adipisci saepe aliquid ad explicabo.', 345, 5, 6, '2019-04-28 15:53:57', '2019-04-28 15:53:57'),
(22, 'sed', 'Quibusdam molestiae et culpa sint. Excepturi voluptatem ullam consequatur tempore quisquam. Est molestiae rerum aut explicabo hic.', 203, 3, 7, '2019-04-28 15:53:57', '2019-04-28 15:53:57'),
(23, 'aliquam', 'Similique architecto in explicabo reiciendis illo. Vel voluptas dolorem voluptatem debitis culpa a. Velit harum dicta aut assumenda sequi. Autem in velit debitis exercitationem laudantium id praesentium ut.', 873, 1, 12, '2019-04-28 15:53:57', '2019-04-28 15:53:57'),
(24, 'sed', 'Ea consectetur velit vel magnam est ex maiores. Vel dolor quis sit incidunt sunt. Placeat minus ea quis id voluptas. Sint mollitia alias et temporibus fugit velit voluptatibus ut.', 301, 5, 25, '2019-04-28 15:53:57', '2019-04-28 15:53:57'),
(25, 'expedita', 'In maiores sit voluptatem occaecati in. Illo vel non illo quod in culpa exercitationem. Quibusdam temporibus quo ipsa et magni officia ad aut.', 460, 2, 13, '2019-04-28 15:53:57', '2019-04-28 15:53:57'),
(26, 'sint', 'Accusantium et eaque aut. Ut voluptatibus ut voluptas qui quae. Ducimus tenetur et voluptate commodi sed. Ut distinctio et amet voluptatum.', 539, 0, 11, '2019-04-28 15:53:57', '2019-04-28 15:53:57'),
(27, 'voluptas', 'Nobis voluptate debitis nisi quos eos id reiciendis aut. Nihil saepe quia qui ipsa vitae qui quisquam quo. Enim tempore ut minus quaerat. Quaerat nulla suscipit quis eum aspernatur vel.', 716, 0, 24, '2019-04-28 15:53:57', '2019-04-28 15:53:57'),
(28, 'aut', 'Sit rerum saepe qui sed consequuntur velit eligendi. In error odit optio eum voluptatibus. Et earum nostrum aliquam odio harum. Laboriosam debitis debitis omnis. Dolores magnam veniam delectus velit magni placeat ipsum sunt.', 910, 0, 7, '2019-04-28 15:53:57', '2019-04-28 15:53:57'),
(29, 'voluptates', 'Qui veritatis sed reiciendis deserunt aut facere nesciunt et. Eius pariatur repellendus ex ipsum vel eum iusto. Sit sit perspiciatis et consectetur nihil occaecati.', 642, 3, 29, '2019-04-28 15:53:57', '2019-04-28 15:53:57'),
(30, 'doloribus', 'Labore doloremque voluptatem eveniet fugit. Aut ab deleniti quos quis et sapiente ea. Expedita est sapiente debitis at quas perspiciatis.', 561, 2, 22, '2019-04-28 15:53:57', '2019-04-28 15:53:57'),
(31, 'quia', 'Adipisci modi accusamus accusamus explicabo nihil. Ut esse maiores adipisci id. Explicabo qui id possimus quia.', 612, 2, 14, '2019-04-28 15:53:57', '2019-04-28 15:53:57'),
(32, 'aliquid', 'Non autem cumque similique quod debitis ut cum delectus. Voluptates praesentium consequuntur ea quia a est occaecati. Rem explicabo cum optio qui ut officiis illum.', 713, 0, 17, '2019-04-28 15:53:57', '2019-04-28 15:53:57'),
(33, 'dolorum', 'Consequatur dicta eaque minima. Ipsum odit enim dicta labore aut saepe quae. Impedit delectus sed aliquam nulla aut similique aut.', 123, 3, 26, '2019-04-28 15:53:57', '2019-04-28 15:53:57'),
(34, 'qui', 'Quia tempore et distinctio similique. Pariatur ea mollitia culpa et nobis. Id aut sed blanditiis dolorem reprehenderit.', 483, 9, 7, '2019-04-28 15:53:57', '2019-04-28 15:53:57'),
(35, 'qui', 'Aperiam voluptatem voluptatem tempora et et vitae nisi. Sunt aperiam laudantium occaecati rem totam. Cupiditate omnis sed aut qui dignissimos ut et. Voluptates in ipsa qui laboriosam magnam sapiente deserunt. Nihil dignissimos consequatur eveniet.', 562, 9, 5, '2019-04-28 15:53:57', '2019-04-28 15:53:57'),
(36, 'ea', 'Consequuntur omnis sit unde eaque illum exercitationem neque. Voluptatem commodi dolor dolores voluptas consequatur. Vel quae excepturi omnis sit. Distinctio nihil eos sit non in distinctio.', 197, 8, 7, '2019-04-28 15:53:57', '2019-04-28 15:53:57'),
(37, 'repellat', 'Autem tempore molestiae ullam ipsam qui est. Commodi laboriosam rem esse molestias. Dolore debitis aliquid non.', 349, 5, 22, '2019-04-28 15:53:57', '2019-04-28 15:53:57'),
(38, 'autem', 'Sint corporis doloribus nostrum eius quam et pariatur rerum. Veniam nisi quaerat autem quisquam.', 529, 6, 27, '2019-04-28 15:53:57', '2019-04-28 15:53:57'),
(39, 'rerum', 'Aut quia nemo sequi distinctio magnam suscipit. Distinctio cupiditate impedit nemo molestias repudiandae veniam voluptate natus. Quos unde et aut dolorem eveniet earum sint.', 415, 9, 20, '2019-04-28 15:53:57', '2019-04-28 15:53:57'),
(40, 'laudantium', 'Excepturi nulla nemo consectetur voluptate. Ipsa rerum quo et distinctio molestias ullam fuga. Ullam veniam earum rerum aspernatur at id dolore. Alias non est culpa in debitis eos.', 199, 5, 19, '2019-04-28 15:53:57', '2019-04-28 15:53:57'),
(41, 'reprehenderit', 'Sapiente architecto omnis aliquid. Corporis porro qui laborum eaque. Debitis blanditiis velit laudantium. Et facere asperiores enim quibusdam earum ex rerum.', 673, 3, 26, '2019-04-28 15:53:57', '2019-04-28 15:53:57'),
(42, 'quia', 'Commodi vero expedita doloremque quis et dolor. Eum qui debitis fuga velit. Voluptatibus quasi aut officia distinctio accusamus dolor. Fugit eligendi dolorum aut ut neque.', 397, 8, 8, '2019-04-28 15:53:57', '2019-04-28 15:53:57'),
(43, 'id', 'Sunt ut qui officia debitis quos. Et et expedita aliquid et est ipsam.', 503, 0, 30, '2019-04-28 15:53:57', '2019-04-28 15:53:57'),
(44, 'ea', 'Nostrum ut eos iure quas sed nemo esse quo. Maxime inventore eius eum enim quo. Id illum eos temporibus. Possimus et rerum ab illum aut vitae eos qui.', 878, 9, 14, '2019-04-28 15:53:57', '2019-04-28 15:53:57'),
(45, 'sunt', 'Officia eligendi sunt aliquid vel recusandae laudantium. Rem natus aperiam veritatis quos fugiat voluptatem non. Sequi beatae quae perferendis voluptatem consequatur dolores deleniti.', 110, 7, 22, '2019-04-28 15:53:57', '2019-04-28 15:53:57'),
(46, 'odit', 'Vero perferendis nam molestias sapiente minima qui deleniti. Occaecati aut sapiente distinctio consequatur tempora. Cum qui autem facere sapiente.', 636, 3, 7, '2019-04-28 15:53:57', '2019-04-28 15:53:57'),
(47, 'quo', 'Odio quas sint a qui. Soluta ut dolore velit velit ab voluptas minus. Id fuga consequatur quos doloremque porro. Corrupti earum temporibus provident sint voluptatum ad.', 349, 2, 13, '2019-04-28 15:53:58', '2019-04-28 15:53:58'),
(48, 'aliquam', 'Optio delectus libero est et. Vitae enim explicabo commodi et repellat sed aliquid. Iste suscipit minima earum doloremque reiciendis.', 237, 3, 5, '2019-04-28 15:53:58', '2019-04-28 15:53:58'),
(49, 'placeat', 'Sint assumenda dolores sit. Praesentium soluta repellendus quo voluptas quia et maxime. Reprehenderit culpa cumque neque id neque. Ipsum optio cum illum assumenda.', 871, 4, 29, '2019-04-28 15:53:58', '2019-04-28 15:53:58'),
(50, 'numquam', 'Molestiae dolore ut ut tempora. Voluptatem natus error incidunt libero.', 126, 2, 28, '2019-04-28 15:53:58', '2019-04-28 15:53:58');

-- --------------------------------------------------------

--
-- Table structure for table `reviews`
--

CREATE TABLE `reviews` (
  `id` bigint(20) UNSIGNED NOT NULL,
  `customer` varchar(191) COLLATE utf8mb4_unicode_ci NOT NULL,
  `review` text COLLATE utf8mb4_unicode_ci NOT NULL,
  `star` int(11) NOT NULL,
  `product_id` bigint(20) UNSIGNED NOT NULL,
  `created_at` timestamp NULL DEFAULT NULL,
  `updated_at` timestamp NULL DEFAULT NULL
) ENGINE=InnoDB DEFAULT CHARSET=utf8mb4 COLLATE=utf8mb4_unicode_ci;

--
-- Dumping data for table `reviews`
--

INSERT INTO `reviews` (`id`, `customer`, `review`, `star`, `product_id`, `created_at`, `updated_at`) VALUES
(1, 'Miss Kathlyn Larson', 'Voluptate occaecati rerum quidem doloribus. Aut iure consequatur illo velit quidem natus. Pariatur necessitatibus et aspernatur dolor est occaecati quia quae.', 4, 13, '2019-04-28 15:53:58', '2019-04-28 15:53:58'),
(2, 'Columbus Kunze', 'Doloremque id veritatis eum expedita quis. Itaque dolores distinctio qui quia. Non rerum sit fuga rerum molestias maxime. Dolor cumque dolorum ut reprehenderit.', 3, 36, '2019-04-28 15:53:58', '2019-04-28 15:53:58'),
(3, 'Ms. Lucie White', 'Dicta cumque enim tenetur non ut quas non. Omnis dolorum aut omnis ratione veritatis. Et aut temporibus velit eum et aliquam.', 2, 20, '2019-04-28 15:53:58', '2019-04-28 15:53:58'),
(4, 'Candida Erdman IV', 'Quia ullam cumque nam ut dolor culpa animi. Quibusdam est eos cum. Ut hic molestiae ab autem sit. Veritatis at doloribus alias qui voluptates veritatis quasi.', 0, 24, '2019-04-28 15:53:58', '2019-04-28 15:53:58'),
(5, 'Dr. Arno Romaguera', 'Illum ut ducimus asperiores illo voluptatem voluptatibus. Ducimus voluptas deleniti id sunt tenetur. Saepe eaque molestiae est aut natus.', 5, 16, '2019-04-28 15:53:58', '2019-04-28 15:53:58'),
(6, 'Eula Heaney', 'Similique soluta corrupti suscipit consequatur est. Facilis dolor et laborum suscipit velit earum. Quae minus nihil omnis amet nihil.', 0, 3, '2019-04-28 15:53:58', '2019-04-28 15:53:58'),
(7, 'Kiara Medhurst', 'Consequuntur ea voluptate sit dolorum est quod rerum impedit. Veritatis fuga recusandae iste. Aut facilis ut sint optio necessitatibus nisi.', 5, 46, '2019-04-28 15:53:58', '2019-04-28 15:53:58'),
(8, 'Kyra Ward II', 'Quidem animi ea ut unde ea magnam. Eligendi aut quia sed quod ut dolor. Animi fuga consequatur dignissimos beatae cum quidem doloremque.', 2, 10, '2019-04-28 15:53:58', '2019-04-28 15:53:58'),
(9, 'Odell Lubowitz II', 'Consequatur expedita non qui sint odit sint harum. Quod voluptas quasi ut mollitia vel. Id quo aut inventore harum earum eum laborum qui. Aspernatur dolorem qui repellat aut accusamus corporis in. Reprehenderit dolorem iusto nemo nostrum.', 2, 28, '2019-04-28 15:53:58', '2019-04-28 15:53:58'),
(10, 'Gwen Rempel', 'Adipisci dolores et et ex vero consequatur. Nam non consequatur et soluta. Qui nihil provident vero non occaecati. Ducimus odit mollitia non non.', 1, 24, '2019-04-28 15:53:58', '2019-04-28 15:53:58'),
(11, 'Odell Pagac PhD', 'Est ex nemo ut voluptatem. Ea et totam tempore ut illo et molestiae. Rerum corporis consectetur corporis voluptates.', 4, 46, '2019-04-28 15:53:58', '2019-04-28 15:53:58'),
(12, 'Ewald Legros PhD', 'Id asperiores sed deleniti accusantium error voluptatum. A aliquam amet nostrum minus beatae impedit eos. Delectus eum ut maiores voluptatum qui beatae reprehenderit.', 4, 26, '2019-04-28 15:53:58', '2019-04-28 15:53:58'),
(13, 'Valentin Turcotte', 'Sed accusantium est sed ex dolores quam nostrum velit. Veniam libero tempore et sunt. Expedita repudiandae repellat consectetur.', 3, 10, '2019-04-28 15:53:58', '2019-04-28 15:53:58'),
(14, 'Aiden Crist III', 'Dicta eaque amet quaerat rerum officiis ut. Quia quidem sit occaecati. Tempore sunt dolor magni.', 5, 28, '2019-04-28 15:53:58', '2019-04-28 15:53:58'),
(15, 'Prof. Meda Boyle II', 'Voluptas voluptatem quibusdam atque in repellendus itaque. Repellat dolores odit dolorem eius neque magni ducimus. Commodi vel deleniti minus.', 5, 11, '2019-04-28 15:53:58', '2019-04-28 15:53:58'),
(16, 'Mr. Brenden Orn', 'Non aliquam quia fugiat a ut quas. Dignissimos sint inventore commodi nostrum blanditiis repellat fuga. Dolores officia qui voluptate accusantium. Voluptatem repudiandae occaecati dolorum quam pariatur. Vitae ut possimus autem officiis omnis.', 0, 3, '2019-04-28 15:53:58', '2019-04-28 15:53:58'),
(17, 'Derek Collier', 'Perferendis optio inventore in quod et ut. Possimus ratione aut minima repellendus.', 5, 42, '2019-04-28 15:53:58', '2019-04-28 15:53:58'),
(18, 'Vivien Bosco', 'Provident minus consequatur neque cumque animi blanditiis. Molestiae labore eos officia laborum non aut. Cum consequatur minus cumque nobis quis omnis id.', 1, 34, '2019-04-28 15:53:58', '2019-04-28 15:53:58'),
(19, 'Anastacio Predovic', 'Et omnis vel illum repellat. Perspiciatis optio atque cumque magnam quam ipsam. Molestias omnis animi suscipit id porro enim.', 3, 39, '2019-04-28 15:53:58', '2019-04-28 15:53:58'),
(20, 'Dr. Payton Jacobi', 'Dolorum animi et sunt aut et. Sint iste voluptas ut adipisci expedita. Quia aspernatur enim minus sint ad soluta optio corporis.', 1, 15, '2019-04-28 15:53:58', '2019-04-28 15:53:58'),
(21, 'Delaney Gleichner I', 'Quam minima quia quasi dolor nobis et. Quis vitae qui qui id modi magni et nihil.', 3, 3, '2019-04-28 15:53:58', '2019-04-28 15:53:58'),
(22, 'Waylon Koss', 'Reprehenderit nulla molestiae fuga et ea sed aut. Natus et modi atque aliquid quod. Dolores omnis deserunt quo culpa illo voluptate.', 0, 23, '2019-04-28 15:53:58', '2019-04-28 15:53:58'),
(23, 'Lilian Purdy', 'Molestias ipsa tenetur tenetur et minima iste. Voluptas iure voluptatem nam harum ut commodi porro voluptatem. Eius error quia quia placeat et est sit.', 3, 15, '2019-04-28 15:53:58', '2019-04-28 15:53:58'),
(24, 'Flo Effertz', 'Quam perferendis voluptatem dolor beatae sequi quia recusandae. Voluptas perspiciatis asperiores exercitationem et magnam necessitatibus eum. Aut inventore quia facere. Accusantium quisquam suscipit iure nihil eum et.', 2, 47, '2019-04-28 15:53:58', '2019-04-28 15:53:58'),
(25, 'Mckenzie Ondricka II', 'Voluptatem adipisci maiores blanditiis fugiat repellendus. Quae incidunt nam facilis reiciendis praesentium amet temporibus. Quam voluptatem libero aliquam quia.', 3, 1, '2019-04-28 15:53:58', '2019-04-28 15:53:58'),
(26, 'Allan Klocko', 'Vero saepe odio facere iusto rerum pariatur blanditiis. Quis iusto labore eius commodi ut. Dolorum rerum magnam consequatur sint delectus.', 2, 29, '2019-04-28 15:53:58', '2019-04-28 15:53:58'),
(27, 'Salvatore Ward', 'Voluptatem inventore ut voluptatem consequatur accusamus veritatis quis. Consequuntur labore dolores aliquid dicta. Debitis architecto esse doloremque quis quo velit. Quaerat nesciunt reiciendis deserunt et.', 2, 37, '2019-04-28 15:53:58', '2019-04-28 15:53:58'),
(28, 'Mrs. Brenna Torphy', 'Qui exercitationem necessitatibus delectus modi vel aspernatur. Maiores rem quibusdam cum nihil qui.', 5, 19, '2019-04-28 15:53:58', '2019-04-28 15:53:58'),
(29, 'Miss Petra Kub III', 'Quidem et praesentium impedit perspiciatis explicabo autem. Fugit quisquam ipsa libero quasi dolore voluptatem debitis enim. Accusantium occaecati ea debitis sapiente numquam repellendus magni. Omnis enim omnis nobis quia non quidem.', 2, 7, '2019-04-28 15:53:58', '2019-04-28 15:53:58'),
(30, 'Ruby Conroy', 'Maxime dolore necessitatibus laudantium eligendi necessitatibus voluptatibus. Pariatur voluptate quasi eaque est aut et. Vel amet error velit dolores mollitia culpa nemo odio.', 2, 11, '2019-04-28 15:53:58', '2019-04-28 15:53:58'),
(31, 'Mr. Lamont Rowe PhD', 'Ad sit occaecati asperiores quia beatae. Dolore necessitatibus nesciunt enim velit perspiciatis voluptas. Expedita aliquid dolorum consequatur ipsam et. Earum tenetur dolor optio dolorem tempora.', 5, 5, '2019-04-28 15:53:58', '2019-04-28 15:53:58'),
(32, 'Esta Marquardt', 'Omnis neque harum dolorum eum unde deleniti. Eligendi qui dolorum nihil itaque et ea magni eum. Enim eaque sunt fugiat adipisci illum suscipit ut autem. Error aliquid voluptas beatae nulla dolorum pariatur.', 0, 13, '2019-04-28 15:53:58', '2019-04-28 15:53:58'),
(33, 'Sydney Schamberger', 'Voluptas aut incidunt aperiam ut. Provident maxime illo fugiat possimus.', 2, 47, '2019-04-28 15:53:58', '2019-04-28 15:53:58'),
(34, 'Zaria Schmitt IV', 'Quasi qui sed ut pariatur. Pariatur omnis incidunt voluptatem id. Voluptatem est autem provident quaerat. Fugit veniam nisi omnis fugiat cum.', 1, 25, '2019-04-28 15:53:58', '2019-04-28 15:53:58'),
(35, 'Thomas Kreiger', 'Excepturi voluptatem officiis rem ut voluptas consequatur excepturi. Explicabo harum blanditiis quia sint. Id iusto neque minus sapiente.', 1, 21, '2019-04-28 15:53:58', '2019-04-28 15:53:58'),
(36, 'Brent Wyman Jr.', 'Atque eius velit consequuntur ut et. Molestiae ut sunt dolor blanditiis sint eligendi. Et sint eum non fugit odio qui.', 4, 3, '2019-04-28 15:53:58', '2019-04-28 15:53:58'),
(37, 'Mrs. Sonia Jones', 'Ut similique voluptatem sint soluta culpa est. Unde ipsum sapiente ea quis ipsum. Aliquam voluptatum aliquid fugit. Magni similique ipsum amet aut quaerat sit.', 5, 19, '2019-04-28 15:53:58', '2019-04-28 15:53:58'),
(38, 'Minerva Schumm I', 'Non suscipit similique quia. Deserunt laudantium reiciendis iure. Unde quod et temporibus qui et necessitatibus illo.', 5, 18, '2019-04-28 15:53:58', '2019-04-28 15:53:58'),
(39, 'Mathilde Kuhic', 'Quas mollitia iste qui doloremque occaecati libero. Aut id a modi voluptatem et. Iure aut rerum et in. Ipsa iusto laborum et velit impedit minus at.', 5, 21, '2019-04-28 15:53:58', '2019-04-28 15:53:58'),
(40, 'Prof. Hunter Kreiger II', 'Quod nulla reprehenderit nostrum vel. Sed modi error ut. Quos aspernatur ut temporibus sunt non tempore. Vel nam modi et.', 1, 37, '2019-04-28 15:53:58', '2019-04-28 15:53:58'),
(41, 'Dortha Hagenes Sr.', 'Et voluptatum autem voluptatem occaecati quas ut. Autem similique eius commodi quo. Distinctio repudiandae error sint. Rerum sint sint est incidunt nostrum doloremque velit.', 1, 4, '2019-04-28 15:53:58', '2019-04-28 15:53:58'),
(42, 'Mr. Jedidiah Mayert Sr.', 'Eum quia et maiores qui. Tenetur illum aliquid eum dolorum sit dolore. Aliquam quasi aut rerum occaecati. Quod repellat labore harum libero et perferendis et.', 5, 17, '2019-04-28 15:53:58', '2019-04-28 15:53:58'),
(43, 'Declan Feest', 'Tempora nulla iste quia ut quidem dolorem corrupti sed. Repellat tempora earum voluptatem veniam quas beatae eligendi. Qui nobis dolorem accusamus modi rerum accusamus recusandae ipsum. Ullam corrupti odio maiores dolore ea ut omnis quam.', 0, 31, '2019-04-28 15:53:58', '2019-04-28 15:53:58'),
(44, 'Janick Mante', 'Id modi eum ex blanditiis sapiente odit. Ullam maiores culpa architecto numquam. Laborum dolorem et non itaque distinctio labore ipsum veritatis. Quas dolores non ut aliquam aspernatur cupiditate itaque.', 4, 46, '2019-04-28 15:53:58', '2019-04-28 15:53:58'),
(45, 'Timmothy Ledner', 'Earum et autem est nemo magni corporis nihil. Laboriosam suscipit consequuntur omnis velit vel quae. At ipsa perspiciatis saepe.', 3, 20, '2019-04-28 15:53:58', '2019-04-28 15:53:58'),
(46, 'Jaylon Lebsack I', 'Recusandae sit enim qui est. Aut impedit sint dolores eius. Ipsa voluptatibus nulla impedit omnis nam earum earum. Sed illo adipisci aut.', 2, 39, '2019-04-28 15:53:58', '2019-04-28 15:53:58'),
(47, 'Newell Nader', 'Aut quod dolorum quidem qui accusamus. Magnam eos aut ab temporibus. Consectetur fugiat dolores nemo vel. Quos maiores cumque aut et dolores id.', 4, 49, '2019-04-28 15:53:58', '2019-04-28 15:53:58'),
(48, 'Mariana D\'Amore', 'Nam adipisci sunt quis et. A alias corrupti perspiciatis quos sunt quidem incidunt. Delectus sed maiores nemo ea. Error amet omnis fugit totam. Minima ut excepturi possimus est.', 0, 40, '2019-04-28 15:53:58', '2019-04-28 15:53:58'),
(49, 'Aaron Jenkins', 'Tenetur voluptatem voluptate repellendus ut beatae nobis sit. Omnis magnam non occaecati autem consequatur dolores quasi. Molestias quis earum unde nobis incidunt dicta incidunt consequuntur. Occaecati fugit culpa dolores et maiores officia aut.', 4, 35, '2019-04-28 15:53:58', '2019-04-28 15:53:58'),
(50, 'Edison Weissnat', 'Vero qui ad eum sit harum porro. Nobis nihil quaerat et accusantium maiores odit quas. Repellat asperiores et fugit. Beatae animi ea ab sint commodi.', 0, 15, '2019-04-28 15:53:58', '2019-04-28 15:53:58'),
(51, 'General Kulas', 'Doloribus quia dicta ut laboriosam. Velit dolorum iste quibusdam repudiandae. Rerum delectus quod delectus voluptates accusamus id. Sit similique cupiditate nobis cupiditate.', 3, 43, '2019-04-28 15:53:58', '2019-04-28 15:53:58'),
(52, 'Bridgette Littel Sr.', 'Aut ut voluptatem dolore. Assumenda in vel recusandae quam. Voluptas facere dolorum eos sequi iure quisquam.', 5, 25, '2019-04-28 15:53:58', '2019-04-28 15:53:58'),
(53, 'Mr. Dagmar Hahn DVM', 'Dignissimos minus vero ullam aliquid ratione suscipit ea. Accusantium soluta quia et eos voluptatem. Et aut tenetur possimus ut doloribus.', 0, 14, '2019-04-28 15:53:58', '2019-04-28 15:53:58'),
(54, 'Walter Tillman', 'Quia ipsa dolore esse voluptate. Culpa rerum sit officia quia consectetur ut et. Non repellendus laborum aut quae ut voluptatem cumque.', 0, 28, '2019-04-28 15:53:58', '2019-04-28 15:53:58'),
(55, 'Alan Bernhard', 'Minus facilis vel adipisci facere. Dolore sint fuga distinctio aut doloremque quia. Inventore ut dolorum a sed debitis. Eos molestias ratione esse aut.', 3, 27, '2019-04-28 15:53:58', '2019-04-28 15:53:58'),
(56, 'Prof. Alana Langworth II', 'Voluptatem enim iste eos laboriosam et minima maiores. Sunt dolor sint fuga incidunt est voluptatum. Expedita repellat ut dolorem ex ea aspernatur. Sint porro magni quae possimus voluptatibus.', 1, 7, '2019-04-28 15:53:58', '2019-04-28 15:53:58'),
(57, 'Dr. Matilde Keebler II', 'Quia placeat eum neque quia. Laborum sapiente qui consequatur ad. Voluptate recusandae libero sed ea.', 4, 49, '2019-04-28 15:53:58', '2019-04-28 15:53:58'),
(58, 'Miss Viva Powlowski II', 'Et numquam veniam voluptates corporis nesciunt vel. Ut possimus ea facere hic facilis. Eveniet assumenda sint qui sit id possimus sit doloremque.', 4, 24, '2019-04-28 15:53:58', '2019-04-28 15:53:58'),
(59, 'Luciano Schuppe', 'Earum delectus ex neque ut dicta molestiae molestias. Sed sit blanditiis voluptatum dolorum accusantium doloremque qui. Ipsa inventore ut consequatur accusamus quae voluptatem velit. Est repellat aspernatur quae necessitatibus commodi. Animi illum modi est adipisci debitis inventore.', 1, 9, '2019-04-28 15:53:58', '2019-04-28 15:53:58'),
(60, 'Ransom Kuhlman II', 'Rerum ratione occaecati ut minus voluptatem omnis minima. Voluptatibus voluptas dolor porro quo. Architecto porro sit veniam et aut vero corporis. Voluptas ullam at tempore deserunt.', 0, 34, '2019-04-28 15:53:58', '2019-04-28 15:53:58'),
(61, 'Cyrus Ritchie', 'Id molestias dolores est ea molestiae voluptatum. Totam voluptatum recusandae reiciendis et. Dolores sint commodi omnis qui.', 0, 5, '2019-04-28 15:53:58', '2019-04-28 15:53:58'),
(62, 'Norbert Metz', 'Repellat sapiente autem maxime veniam ad. Sunt in eum repudiandae mollitia quae quaerat minima. Est ut fuga omnis omnis. Ducimus commodi sit nulla et doloribus eaque.', 0, 4, '2019-04-28 15:53:58', '2019-04-28 15:53:58'),
(63, 'Flavio Macejkovic', 'Ut similique voluptas voluptatum non consequatur voluptas. Suscipit aperiam quia sed exercitationem ipsa eaque in. Labore tempore aut est voluptas minima error cum. Nostrum corrupti et sed praesentium.', 0, 24, '2019-04-28 15:53:58', '2019-04-28 15:53:58'),
(64, 'Lorenzo Denesik', 'Repellat maxime et minus cumque suscipit aut iusto voluptate. Eum nisi omnis adipisci ea quibusdam minima quas. Quam qui fuga accusantium quis facilis dolore.', 5, 30, '2019-04-28 15:53:58', '2019-04-28 15:53:58'),
(65, 'Carey Zemlak', 'Et non velit id eius laborum. Molestiae consequatur error ullam et aut qui. Dolorem adipisci aut dolorem aperiam qui. Velit dolorem deserunt a voluptatem impedit voluptatem praesentium.', 3, 39, '2019-04-28 15:53:58', '2019-04-28 15:53:58'),
(66, 'Dina Schulist Jr.', 'Tempore distinctio nemo eius deserunt quas error. Odio itaque qui dignissimos sed ut ut. Autem distinctio aut dolorem vitae laudantium.', 5, 18, '2019-04-28 15:53:58', '2019-04-28 15:53:58'),
(67, 'Lavinia Kunde', 'Repellat voluptate veniam velit. Necessitatibus eveniet doloremque voluptatem inventore facilis quae repellat non. Fugiat nihil error sapiente accusamus qui et. Laudantium cupiditate vero rerum et qui velit et esse.', 4, 25, '2019-04-28 15:53:58', '2019-04-28 15:53:58'),
(68, 'Dr. Kelli Corwin IV', 'Provident sint suscipit et explicabo possimus id. Voluptas et impedit aut tempore natus consectetur illum. Neque rerum et repudiandae delectus aperiam officiis eligendi. Dolor illo autem at cupiditate animi aut expedita.', 5, 43, '2019-04-28 15:53:58', '2019-04-28 15:53:58'),
(69, 'Augusta Mraz Jr.', 'Aut voluptatem corporis sapiente voluptates possimus est. Nostrum et molestias voluptatum. Atque molestiae ipsum esse. Animi vero sapiente officiis et ea dolorem. Enim rerum ut ex sunt.', 0, 7, '2019-04-28 15:53:58', '2019-04-28 15:53:58'),
(70, 'Prof. Karlie Cole', 'Ipsam ex sapiente laborum rerum velit labore error et. Ab aut iure ex qui. Aut et repellendus debitis quia tempore dolor.', 2, 46, '2019-04-28 15:53:58', '2019-04-28 15:53:58'),
(71, 'Cierra Dibbert V', 'Non officiis fugit nihil aut nihil ut quo. Suscipit nulla itaque ducimus ex aliquam voluptas sed. Molestias nisi voluptatum aut ut. Nihil et consequuntur et distinctio voluptas nam saepe.', 0, 6, '2019-04-28 15:53:58', '2019-04-28 15:53:58'),
(72, 'Madilyn Ondricka', 'Et nam dignissimos consequatur vitae. Et expedita ea impedit labore voluptas error dolore. Et odit et tempore aut inventore est voluptatem. Vel magnam sed omnis aut.', 2, 43, '2019-04-28 15:53:58', '2019-04-28 15:53:58'),
(73, 'Hollie Waters', 'Ratione nihil distinctio esse praesentium nihil aut nisi vel. Alias recusandae quia aut natus rem. Ab eum harum repudiandae saepe. Sed vel illo mollitia tempora.', 1, 34, '2019-04-28 15:53:58', '2019-04-28 15:53:58'),
(74, 'Kayli Boyle', 'Est quis omnis placeat distinctio. Dolorum voluptatem sint amet et. Quis porro enim quia quidem et aut sit quasi.', 4, 50, '2019-04-28 15:53:58', '2019-04-28 15:53:58'),
(75, 'Dr. Lisette Reilly MD', 'Sint consequatur voluptates ducimus neque sunt est temporibus. Ut corrupti nobis quo eum sequi. Illo incidunt beatae non provident sapiente sed perferendis. Neque ullam vitae fugit illum maxime. Aut at voluptatem alias incidunt.', 2, 2, '2019-04-28 15:53:58', '2019-04-28 15:53:58'),
(76, 'Kara Durgan IV', 'Rerum adipisci perspiciatis cumque ullam illo debitis. Quam veritatis dignissimos qui consequatur eveniet. Reiciendis rerum molestiae ea et.', 0, 20, '2019-04-28 15:53:58', '2019-04-28 15:53:58'),
(77, 'Rafaela Goldner III', 'Nihil asperiores qui perferendis dignissimos qui incidunt expedita. Omnis fugiat neque aut repellat qui sit. Velit doloribus ipsa id explicabo natus totam.', 4, 34, '2019-04-28 15:53:58', '2019-04-28 15:53:58'),
(78, 'Florine Cassin IV', 'Perspiciatis fugit velit et eos molestiae nesciunt. Libero modi maxime laudantium aliquid quae aut non. Vel eaque odit quam eos harum. Provident sunt sapiente repellat quia a tempore harum.', 4, 28, '2019-04-28 15:53:58', '2019-04-28 15:53:58'),
(79, 'Suzanne Rice PhD', 'Voluptatem cumque sit voluptatem dicta sint dolorum deleniti. Tenetur voluptas vitae ex sit. In quam expedita maxime error nesciunt debitis. Est qui est vitae debitis.', 1, 6, '2019-04-28 15:53:58', '2019-04-28 15:53:58'),
(80, 'Prof. Tristin Abernathy PhD', 'Est nostrum sed perspiciatis laborum. Debitis qui et dolores et. Libero tempora hic culpa odio voluptas laborum.', 1, 3, '2019-04-28 15:53:58', '2019-04-28 15:53:58'),
(81, 'Dorian Gleason', 'Incidunt ex ut sit vel iste ipsam. Ab sapiente molestiae dolorem autem iusto ratione. Labore est corrupti velit repellendus ut. Nesciunt qui suscipit vel. Voluptatem maiores repudiandae repellendus laborum voluptas.', 1, 6, '2019-04-28 15:53:58', '2019-04-28 15:53:58'),
(82, 'Hubert Koelpin Jr.', 'Aliquid suscipit quia veniam repudiandae mollitia consequatur dolor. Blanditiis et aut quia reprehenderit repudiandae non et. Eveniet quibusdam molestiae iusto quisquam nam.', 1, 28, '2019-04-28 15:53:58', '2019-04-28 15:53:58'),
(83, 'Cooper Ratke DDS', 'Illum cum accusamus et velit molestias et. Ut est eos voluptas non architecto omnis pariatur. Dolor illum dolor aliquam similique. Eius ratione dolor eum facere molestiae. Aut rerum ut non repudiandae.', 4, 23, '2019-04-28 15:53:58', '2019-04-28 15:53:58'),
(84, 'Prof. Remington Wilkinson', 'Id esse ullam voluptatem autem. Beatae eum qui sint voluptates occaecati ad dolores. At saepe voluptate et quam dignissimos et non.', 2, 12, '2019-04-28 15:53:58', '2019-04-28 15:53:58'),
(85, 'Margot Batz', 'Quia soluta sapiente et dolorem possimus. Earum alias error veritatis qui deserunt. Voluptates corporis ipsum ullam cumque distinctio. Laboriosam ad voluptate voluptas sed.', 5, 2, '2019-04-28 15:53:58', '2019-04-28 15:53:58'),
(86, 'Cristian Johnson', 'Aut quia odio veniam beatae eveniet earum. Aliquam voluptatem et alias ut consequuntur. Ut laboriosam porro at quisquam quam fuga. Esse sit optio impedit ducimus.', 5, 50, '2019-04-28 15:53:58', '2019-04-28 15:53:58'),
(87, 'Elwyn D\'Amore', 'Similique quia non qui hic. Ad recusandae eos ipsum omnis ratione. Harum et mollitia voluptate esse beatae necessitatibus. Cum facere omnis non veniam.', 5, 40, '2019-04-28 15:53:58', '2019-04-28 15:53:58'),
(88, 'Domenica Walter', 'Magnam nobis quia soluta voluptatibus laudantium. Vel enim assumenda doloribus quibusdam accusamus sed quam. Qui modi ut delectus sint nemo voluptatem.', 3, 23, '2019-04-28 15:53:58', '2019-04-28 15:53:58'),
(89, 'Art Turcotte', 'Rerum vitae natus et aut. Sapiente sequi ab consectetur quisquam veniam odio sapiente. Culpa explicabo occaecati voluptas dolor placeat sequi magni.', 2, 5, '2019-04-28 15:53:58', '2019-04-28 15:53:58'),
(90, 'Princess Pacocha Sr.', 'Sit consectetur ipsam veritatis numquam ducimus fugiat hic. Nostrum ut qui qui qui. Rerum iusto assumenda nulla facere odit sapiente.', 2, 43, '2019-04-28 15:53:58', '2019-04-28 15:53:58'),
(91, 'Piper Volkman', 'In aliquam aut eaque alias animi aliquid. Dicta rerum architecto est. Velit sit non nihil laborum maxime.', 1, 44, '2019-04-28 15:53:58', '2019-04-28 15:53:58'),
(92, 'Dr. Billy Hayes DDS', 'Cupiditate ab hic aliquam iusto. Expedita consequatur dolores at magni sit. Corrupti aperiam ab quas repellat quia. Repellat aliquid hic amet omnis ut earum.', 5, 47, '2019-04-28 15:53:58', '2019-04-28 15:53:58'),
(93, 'Teagan Hayes', 'Laborum magni inventore id. Et nemo quae veritatis ut officia laudantium voluptate beatae. Et vitae distinctio ut eos. Modi officia ut ducimus culpa sed.', 2, 4, '2019-04-28 15:53:58', '2019-04-28 15:53:58'),
(94, 'Alexandrine Kunde', 'Laborum et et nihil. Quis adipisci sit ratione occaecati. Earum ex velit voluptas ratione qui. Enim iste molestiae dolores quis maiores recusandae ex illum.', 2, 14, '2019-04-28 15:53:58', '2019-04-28 15:53:58'),
(95, 'Jeff Schaden MD', 'Autem temporibus ex aut provident sequi recusandae et dolores. Officiis unde ullam cupiditate dolor dolorem dicta. Recusandae rem ut sed. Nihil temporibus animi occaecati voluptatem est voluptatem. Blanditiis hic possimus laudantium at.', 3, 27, '2019-04-28 15:53:58', '2019-04-28 15:53:58'),
(96, 'Ms. Celestine Lesch', 'Veniam accusantium a ullam quis assumenda. Provident rem consequuntur sit optio quia rem consequuntur. Laboriosam nesciunt voluptate sit. Tempora aut et illum unde. Reiciendis repellat illum corporis repellat tempore totam doloribus.', 1, 41, '2019-04-28 15:53:58', '2019-04-28 15:53:58'),
(97, 'Holly Hegmann V', 'Nostrum aliquam commodi incidunt expedita quis eum provident eligendi. Dolores autem iure necessitatibus id sed. Doloremque ipsa vitae recusandae saepe et id quia doloremque. Totam consequuntur quia totam quaerat ea nihil velit. Dolores ut tenetur qui et.', 4, 47, '2019-04-28 15:53:58', '2019-04-28 15:53:58'),
(98, 'Prof. Adrianna Waters V', 'Veritatis est culpa blanditiis voluptates voluptates et accusantium. Mollitia distinctio numquam quae voluptas debitis.', 1, 40, '2019-04-28 15:53:58', '2019-04-28 15:53:58'),
(99, 'Forest Hamill', 'Libero et autem dolor sed perferendis qui. Repellat sed qui tenetur et mollitia velit quas. Maiores et nobis earum beatae at. Velit amet vero cumque voluptas.', 5, 3, '2019-04-28 15:53:58', '2019-04-28 15:53:58'),
(100, 'Jesus Rolfson', 'Similique libero maiores sed ex non. Aut culpa et non est omnis facere. Vero aut voluptas doloribus dolor.', 1, 20, '2019-04-28 15:53:58', '2019-04-28 15:53:58'),
(101, 'Donny Pagac PhD', 'Neque dolorum quae ut hic omnis ut iste. Rem animi nulla magnam vero aliquid. Ab eaque dolores ratione praesentium porro quo. A itaque reprehenderit in suscipit dolores est odit assumenda.', 2, 32, '2019-04-28 15:53:58', '2019-04-28 15:53:58'),
(102, 'Mr. Raoul Farrell IV', 'Adipisci in ipsam iusto debitis exercitationem. Soluta sit sit quis a tenetur velit inventore. Ipsum quidem earum est vero sequi deleniti. Facilis inventore nulla pariatur quo quas velit voluptatem error.', 2, 11, '2019-04-28 15:53:58', '2019-04-28 15:53:58'),
(103, 'Merl Blick', 'Culpa dolorum consequuntur enim occaecati possimus quisquam. Id et ea tenetur voluptates deserunt modi. Corporis et sint distinctio sint aut.', 5, 42, '2019-04-28 15:53:58', '2019-04-28 15:53:58'),
(104, 'Miss Maia Torp Jr.', 'Impedit quia vel et. Harum atque id amet. Delectus sit quaerat eius necessitatibus. Dolor facere voluptatibus non voluptas. Expedita dolores optio pariatur provident ut sint.', 0, 10, '2019-04-28 15:53:58', '2019-04-28 15:53:58'),
(105, 'Bertha Zulauf', 'Saepe voluptatem maxime et quos alias beatae. Sit omnis quis delectus. Qui modi natus deleniti et quod quaerat.', 4, 45, '2019-04-28 15:53:58', '2019-04-28 15:53:58'),
(106, 'Mr. Dedric Harris PhD', 'Aliquid animi excepturi culpa autem quasi officia et. In consequatur doloribus sint est qui quo fuga vel.', 2, 48, '2019-04-28 15:53:58', '2019-04-28 15:53:58'),
(107, 'Sammie Quitzon PhD', 'Saepe aut possimus dolores molestiae. Quisquam illum quo molestias et dolorem. Vitae aperiam et fuga quidem possimus odio sequi.', 1, 13, '2019-04-28 15:53:58', '2019-04-28 15:53:58'),
(108, 'Dr. Stephan Schowalter PhD', 'Error cumque excepturi harum error molestias voluptas. Nam ut reprehenderit sint consectetur. Et sit sit nesciunt laborum dignissimos maiores dignissimos iste.', 5, 9, '2019-04-28 15:53:58', '2019-04-28 15:53:58'),
(109, 'Dr. Laurel Ondricka Sr.', 'Natus voluptatem libero asperiores eveniet. Quaerat fugit optio corrupti aut nam in enim voluptas.', 3, 18, '2019-04-28 15:53:58', '2019-04-28 15:53:58'),
(110, 'Ms. Cynthia Lynch', 'Odio nisi laborum iste tempora tempora aut. Laborum asperiores non dolore. Nihil ut sunt dolor quisquam aut dolor eum natus.', 4, 31, '2019-04-28 15:53:58', '2019-04-28 15:53:58'),
(111, 'Frank Kunze', 'Pariatur quo ad alias saepe magnam. Tempora perferendis aut mollitia. Tenetur et reiciendis ab vero non quod sunt libero. Adipisci nam nobis accusamus numquam ut architecto.', 0, 10, '2019-04-28 15:53:58', '2019-04-28 15:53:58'),
(112, 'Israel Boyle', 'Atque quasi molestias maxime et voluptates rerum. Est voluptas est eaque modi sequi odio. Enim corporis repellat aut voluptatibus accusantium vero odit.', 2, 46, '2019-04-28 15:53:58', '2019-04-28 15:53:58'),
(113, 'Michael Gottlieb', 'Nihil sunt veniam rerum nemo occaecati neque expedita. Voluptas provident ut commodi hic et.', 5, 41, '2019-04-28 15:53:59', '2019-04-28 15:53:59'),
(114, 'Lelah Schmeler', 'Cupiditate dolores repellendus sunt repudiandae aut. Repellat quae aut optio inventore possimus sit et. Qui non id doloremque rem distinctio at non. Quidem et eaque cupiditate modi hic repellat nulla.', 4, 44, '2019-04-28 15:53:59', '2019-04-28 15:53:59'),
(115, 'Nova Streich I', 'Dicta deserunt voluptatem veniam voluptatum reiciendis qui ex. Assumenda doloremque dicta quod quis alias.', 3, 10, '2019-04-28 15:53:59', '2019-04-28 15:53:59'),
(116, 'Horacio Murazik', 'Minus eum enim alias libero qui repellendus porro et. Est illum voluptatibus quo facere illum. Totam harum qui ipsum. Necessitatibus libero quia error modi.', 3, 10, '2019-04-28 15:53:59', '2019-04-28 15:53:59'),
(117, 'Adolph Walter IV', 'Doloremque et totam dolorum tempora. Ratione et quia minus dolores cumque. Sit iure quasi accusamus autem ea amet. Fugiat est velit eum molestiae quis et temporibus voluptas.', 5, 37, '2019-04-28 15:53:59', '2019-04-28 15:53:59'),
(118, 'Mazie Olson', 'Rerum et sint unde hic. Dolorem qui vel aliquam provident aut fugit. Libero possimus cupiditate nostrum nostrum quam. Earum nostrum nisi necessitatibus non illo.', 3, 49, '2019-04-28 15:53:59', '2019-04-28 15:53:59'),
(119, 'Mr. Colton Block', 'Sit architecto distinctio perspiciatis maxime. Quis magnam est sapiente expedita qui. Dolor cumque eos quidem molestiae non quos.', 1, 24, '2019-04-28 15:53:59', '2019-04-28 15:53:59'),
(120, 'Jakob O\'Kon', 'Error quasi ut eaque perferendis. Aut quia fugit eaque nisi. Quia rerum ducimus quod officiis aut possimus excepturi.', 3, 50, '2019-04-28 15:53:59', '2019-04-28 15:53:59'),
(121, 'Emmanuelle Lakin', 'Dolor cum laboriosam voluptates quia recusandae sapiente et accusamus. Incidunt veniam dolorem facilis eum debitis perferendis omnis. Doloremque odit eius expedita voluptas.', 5, 23, '2019-04-28 15:53:59', '2019-04-28 15:53:59'),
(122, 'Mohammad Fisher', 'Temporibus ad adipisci dignissimos quia occaecati. Optio aperiam voluptas rem. Similique aliquid labore architecto voluptatem eveniet nobis. Similique consequatur commodi sequi suscipit laboriosam molestiae qui.', 1, 31, '2019-04-28 15:53:59', '2019-04-28 15:53:59'),
(123, 'Miss Andreanne Howell', 'Asperiores vel vel fugiat quos non itaque. Aut quod suscipit ut inventore ad. Illum minima debitis culpa tempore eius neque ipsam. In quis sed adipisci similique necessitatibus aut.', 1, 41, '2019-04-28 15:53:59', '2019-04-28 15:53:59'),
(124, 'Mr. Elias Ortiz', 'Magnam nihil quam nesciunt ut dignissimos. Saepe necessitatibus ab voluptate reiciendis blanditiis voluptatem. Nihil vitae ducimus facere sed. Sed iure ratione quod et voluptatibus deleniti ullam.', 3, 27, '2019-04-28 15:53:59', '2019-04-28 15:53:59'),
(125, 'Kiarra Green', 'Exercitationem inventore fugit omnis doloremque delectus facere at. Sint similique iste eligendi voluptatem qui ipsam. Provident quibusdam magni aut nihil expedita ea. Minima maxime velit et nemo nihil in sit.', 3, 3, '2019-04-28 15:53:59', '2019-04-28 15:53:59'),
(126, 'Kaitlin Ortiz', 'Hic ipsam sit rem saepe sint laboriosam. Dicta ex nisi modi aut est. Id ex modi ut illum rerum sunt laudantium. Nulla placeat sed rerum voluptas vel.', 2, 33, '2019-04-28 15:53:59', '2019-04-28 15:53:59'),
(127, 'Monica Brakus', 'Id sed et voluptatibus ipsam in. Qui natus et nostrum et et. Quis ipsam autem tempora doloribus et. Sint aut repellendus aliquid ut non.', 4, 16, '2019-04-28 15:53:59', '2019-04-28 15:53:59'),
(128, 'Mr. Joe Lindgren PhD', 'Perferendis placeat rerum fuga. Rerum in excepturi eos dolores reiciendis et sed minima. Earum commodi et qui fuga quia dolores est. Necessitatibus soluta dolorem repellendus sint itaque ut rerum.', 5, 20, '2019-04-28 15:53:59', '2019-04-28 15:53:59'),
(129, 'Geoffrey Hackett', 'Eaque sed nobis porro. Occaecati rerum harum est dignissimos illo voluptatibus laudantium cupiditate. Voluptas neque aperiam delectus accusantium rem eos magni. Dolor earum dolores in possimus autem rerum.', 4, 46, '2019-04-28 15:53:59', '2019-04-28 15:53:59'),
(130, 'Lura Hamill', 'Harum est modi voluptatum ipsa. Veritatis qui sapiente voluptas quia rerum earum. Expedita illo culpa inventore quod dolor qui. Inventore dolor quod nesciunt voluptatibus omnis sit officia.', 3, 24, '2019-04-28 15:53:59', '2019-04-28 15:53:59'),
(131, 'Mariane Batz', 'Quisquam dolore impedit eius totam repellendus doloremque. Sapiente architecto et architecto adipisci sint aut. Ut optio modi at omnis odit provident.', 0, 50, '2019-04-28 15:53:59', '2019-04-28 15:53:59'),
(132, 'Joe Moen', 'Praesentium qui deserunt assumenda corrupti officia alias. Placeat est necessitatibus neque. Blanditiis consequatur harum ut sint.', 4, 19, '2019-04-28 15:53:59', '2019-04-28 15:53:59'),
(133, 'Rey VonRueden Jr.', 'Beatae assumenda rerum repellat possimus. Eligendi ex ea voluptate. Quam unde nobis eveniet deserunt ea. Delectus enim non fugit animi vero.', 3, 24, '2019-04-28 15:53:59', '2019-04-28 15:53:59'),
(134, 'Thomas Weber', 'Laboriosam dolores et accusamus molestiae et. Illo culpa veniam repellendus.', 5, 37, '2019-04-28 15:53:59', '2019-04-28 15:53:59'),
(135, 'Taryn Bernier', 'Veritatis delectus officia esse in eveniet aut. Et earum illum eaque autem. Sunt soluta qui at commodi temporibus sed omnis deserunt.', 5, 47, '2019-04-28 15:53:59', '2019-04-28 15:53:59'),
(136, 'Mr. Don Hill', 'Sunt ut eos beatae numquam maiores doloremque. Eum quisquam optio possimus animi ipsum ad. Officiis voluptatibus consequatur quia consequatur aut.', 0, 11, '2019-04-28 15:53:59', '2019-04-28 15:53:59'),
(137, 'Maryse Parker IV', 'Et et cupiditate fugit sint magnam voluptatem. Nobis enim architecto quis.', 5, 25, '2019-04-28 15:53:59', '2019-04-28 15:53:59'),
(138, 'Roscoe Green', 'Doloribus sed ut et excepturi vel sunt. Molestias ipsam quaerat id architecto corrupti quia placeat molestiae. Doloremque qui est soluta tempora.', 2, 21, '2019-04-28 15:53:59', '2019-04-28 15:53:59'),
(139, 'Prof. Trent Rohan V', 'Molestiae vel eos veritatis voluptatem repellendus architecto. Voluptas eos beatae consequatur sit tenetur nihil. Rerum et voluptas numquam quia.', 4, 35, '2019-04-28 15:53:59', '2019-04-28 15:53:59'),
(140, 'Prof. Maximillian Farrell I', 'Eum quia sequi repellendus ducimus nemo laudantium quo. Iusto harum laborum officiis nulla dicta. Quisquam aut eum consequatur ut.', 2, 43, '2019-04-28 15:53:59', '2019-04-28 15:53:59'),
(141, 'Jane Feil', 'Est corporis voluptas reiciendis consequatur. Aspernatur quis laudantium fugiat architecto sequi est placeat. Aliquid nemo ipsam placeat atque. Ut accusantium laboriosam veniam dicta ut accusantium.', 3, 17, '2019-04-28 15:53:59', '2019-04-28 15:53:59'),
(142, 'Neal Larkin', 'Sunt reprehenderit architecto eos voluptatum dolorem fuga et. Praesentium vero qui error labore. Sapiente adipisci quis exercitationem architecto nesciunt. Consequatur aspernatur nostrum est voluptatibus at.', 3, 40, '2019-04-28 15:53:59', '2019-04-28 15:53:59'),
(143, 'Adriana Reichel', 'Debitis qui harum et voluptatum. Veniam quibusdam libero omnis tempora omnis qui error. Qui qui fugit laborum ipsa exercitationem. Quas consectetur quis est et quidem tempore soluta. Amet et praesentium est accusantium suscipit.', 4, 30, '2019-04-28 15:53:59', '2019-04-28 15:53:59'),
(144, 'Gonzalo Pouros II', 'Saepe aperiam laborum iusto iusto temporibus mollitia temporibus et. Atque reprehenderit blanditiis et quae sit soluta et magnam. Totam minima unde commodi sit.', 1, 31, '2019-04-28 15:53:59', '2019-04-28 15:53:59'),
(145, 'Prof. Jalen Raynor', 'Soluta tempora dolor quidem quos sed corrupti inventore. Nostrum qui iusto enim mollitia ratione. Aliquid maxime id non molestiae sed labore sit.', 3, 37, '2019-04-28 15:53:59', '2019-04-28 15:53:59'),
(146, 'Dr. Nelda Walsh', 'Asperiores maiores vel deserunt aliquam ratione. Sint et culpa nemo similique. Iste omnis voluptate quia voluptas aperiam. Voluptatibus consequatur exercitationem minima provident est.', 1, 31, '2019-04-28 15:53:59', '2019-04-28 15:53:59'),
(147, 'Andres Bartell', 'Officia cum aut corrupti at veniam est. Natus autem aut ut. Accusamus consequatur quidem praesentium.', 4, 50, '2019-04-28 15:53:59', '2019-04-28 15:53:59'),
(148, 'Willa Yundt', 'Sapiente quas nesciunt tempora aut quisquam. Accusantium vero iste ratione et sapiente ipsa cum sit. Enim repellendus aut dolores earum rerum ab a ea. Dolores dolorum quidem quas pariatur.', 4, 47, '2019-04-28 15:53:59', '2019-04-28 15:53:59'),
(149, 'Adell Hammes', 'Aut tenetur in provident facere expedita. Odio cum quia assumenda vitae ea voluptates eos. Tempora ut sequi in praesentium inventore. Earum laborum eligendi sit nam alias incidunt. Fuga et non ipsam eligendi similique.', 0, 40, '2019-04-28 15:53:59', '2019-04-28 15:53:59'),
(150, 'Ms. Blanca Abbott V', 'Ad suscipit repellendus sed ipsam error. Enim aut dolores blanditiis. Placeat ut officiis facilis qui esse molestias. Vel voluptatem expedita iure amet qui et sint quisquam.', 0, 13, '2019-04-28 15:53:59', '2019-04-28 15:53:59'),
(151, 'Linwood Bartell', 'Eum excepturi autem sed. Non ullam ad ut numquam qui itaque voluptatum. Ut ducimus qui ducimus.', 5, 21, '2019-04-28 15:53:59', '2019-04-28 15:53:59'),
(152, 'Brooklyn Kertzmann II', 'Unde qui eum dolorem voluptatum. Labore aut quam amet eaque. Quibusdam ut amet earum incidunt atque illo dolores perferendis. Aperiam id incidunt amet aut.', 3, 37, '2019-04-28 15:53:59', '2019-04-28 15:53:59'),
(153, 'Mr. Osvaldo Gutmann DVM', 'Et exercitationem consectetur repellendus doloribus. Iure illum possimus expedita sint. Dignissimos voluptates dolor ut repellendus ipsa ut. Esse et eum facilis eos. Omnis totam laborum est.', 0, 8, '2019-04-28 15:53:59', '2019-04-28 15:53:59'),
(154, 'Jolie Harris', 'Ut dolorum voluptas a est qui distinctio quis autem. Rerum ab occaecati et aut architecto consequuntur. Vitae quam quia non blanditiis enim eaque.', 0, 35, '2019-04-28 15:53:59', '2019-04-28 15:53:59'),
(155, 'Dr. Vivianne Rutherford', 'Sunt explicabo doloremque dolores. Doloribus maiores dignissimos aut molestias tempora in neque. Itaque quas sint tenetur voluptatibus vel necessitatibus aut.', 1, 35, '2019-04-28 15:53:59', '2019-04-28 15:53:59'),
(156, 'Elvera Gutmann', 'Deserunt id pariatur enim. Ut sunt debitis fugiat quia impedit placeat quis. Incidunt ut harum ea soluta.', 1, 22, '2019-04-28 15:53:59', '2019-04-28 15:53:59'),
(157, 'Leone Mante', 'Sequi rerum commodi molestiae autem iste laborum. Ipsam quia quos aut quod natus dolores debitis rerum. Dignissimos fugit id dolor amet.', 3, 20, '2019-04-28 15:53:59', '2019-04-28 15:53:59'),
(158, 'Olaf Thompson III', 'Et porro magni dolores sunt tempora dolorum deleniti. Sint voluptatum est commodi sed nisi nihil beatae. Qui dolore ut tempore culpa iste.', 4, 24, '2019-04-28 15:53:59', '2019-04-28 15:53:59'),
(159, 'Miss Eleanora Rath', 'Suscipit iure fuga aut saepe quia consequatur hic. Voluptatibus ut pariatur id corrupti totam id. Laboriosam eum ea et et cupiditate labore eum esse.', 1, 24, '2019-04-28 15:53:59', '2019-04-28 15:53:59'),
(160, 'Elody Waters', 'Deleniti alias quae optio delectus placeat est explicabo. Distinctio in aliquam nisi sint dignissimos impedit. Voluptatem qui perspiciatis et sapiente similique quaerat quia repellendus. Dolorem et quod omnis nisi.', 5, 7, '2019-04-28 15:53:59', '2019-04-28 15:53:59'),
(161, 'Faustino Medhurst', 'Et fuga commodi quia est. Porro illo voluptatem odit voluptate. Voluptates ratione porro laboriosam in temporibus.', 4, 22, '2019-04-28 15:53:59', '2019-04-28 15:53:59'),
(162, 'Hanna Schamberger', 'Eaque ullam in earum. Sit ea modi recusandae. Doloribus nostrum animi est quis tempore.', 3, 45, '2019-04-28 15:53:59', '2019-04-28 15:53:59'),
(163, 'Janessa Dicki', 'Sed architecto eius soluta non nihil labore animi. Aut sunt est mollitia neque architecto. Inventore dignissimos ea mollitia eum officia maiores soluta et. Ea consequatur esse quod eos enim delectus.', 2, 17, '2019-04-28 15:53:59', '2019-04-28 15:53:59'),
(164, 'Jaylin Stokes', 'Aperiam accusantium et cumque unde corporis placeat minus id. Corporis porro consequatur dolores in blanditiis qui dolores. Aut vero aut et quibusdam voluptate. Esse mollitia nam facere asperiores.', 4, 20, '2019-04-28 15:53:59', '2019-04-28 15:53:59'),
(165, 'Mr. Kian Schulist IV', 'Culpa est et sed neque. Consequatur veritatis nihil non.', 0, 14, '2019-04-28 15:53:59', '2019-04-28 15:53:59'),
(166, 'Kameron Hessel', 'Magnam accusamus autem sunt veniam atque. Dolores numquam ratione voluptatem et reprehenderit ipsum. Nemo voluptatibus inventore earum ut maiores sed.', 2, 46, '2019-04-28 15:53:59', '2019-04-28 15:53:59'),
(167, 'Joshua Kuvalis', 'Aut quia magni illo placeat rem aperiam. Assumenda est quidem id iste magnam et. Et quo iste dolores quidem est.', 5, 11, '2019-04-28 15:53:59', '2019-04-28 15:53:59'),
(168, 'Miss Sabryna Murray', 'Non qui nihil beatae qui. Consequatur asperiores soluta eligendi molestiae non iure omnis non. Odio modi illo repellendus minus quia exercitationem et.', 5, 31, '2019-04-28 15:53:59', '2019-04-28 15:53:59'),
(169, 'Mrs. Crystal Collier Jr.', 'Aut doloribus in fugiat vitae sint ea. Molestias ea natus odio inventore vitae. Sed repellat molestias esse ipsa enim tempora. Aspernatur in quia voluptatem.', 4, 49, '2019-04-28 15:53:59', '2019-04-28 15:53:59'),
(170, 'Daryl Wyman', 'Dolores rerum suscipit aut saepe qui quam. Esse quidem quo provident accusamus dolore quaerat qui. Occaecati omnis omnis debitis enim cumque nulla labore dicta.', 0, 5, '2019-04-28 15:53:59', '2019-04-28 15:53:59'),
(171, 'Bryana Huel', 'Velit quos repellendus ut voluptatem. Non quia omnis et accusamus. Consequatur non doloribus est sed voluptas repudiandae et sit. Optio rem veniam reiciendis voluptate. Laboriosam ea reprehenderit nihil neque.', 4, 18, '2019-04-28 15:53:59', '2019-04-28 15:53:59'),
(172, 'Cary Connelly', 'Sint fuga eos sapiente. Tenetur quia velit deserunt autem. Facilis qui maxime consequatur non quia porro voluptates. Consequuntur impedit totam dolorem.', 5, 1, '2019-04-28 15:53:59', '2019-04-28 15:53:59'),
(173, 'Ted Hane', 'Nemo perspiciatis molestiae nihil ducimus. Quibusdam ducimus rerum rem aut totam. Suscipit rem nihil iure vel earum.', 4, 4, '2019-04-28 15:53:59', '2019-04-28 15:53:59'),
(174, 'Davon Anderson', 'Repellat ut et aut inventore sed occaecati. Nisi sunt aut expedita et. Magnam rem quis explicabo qui. Dicta rem repellat fugit corporis.', 0, 13, '2019-04-28 15:53:59', '2019-04-28 15:53:59'),
(175, 'Ona Jacobson', 'Dolor praesentium veniam nisi veniam. Placeat unde sunt ut soluta.', 3, 37, '2019-04-28 15:53:59', '2019-04-28 15:53:59'),
(176, 'Clay Kling', 'Illum dignissimos deserunt et voluptatibus reiciendis. Amet iste tempora et doloremque in et eum quia. Dolores quisquam eum repellat quisquam quidem ut eius sequi.', 3, 21, '2019-04-28 15:53:59', '2019-04-28 15:53:59'),
(177, 'Aurelia D\'Amore', 'Et reiciendis asperiores autem totam rem. Dolorem quo consequatur qui qui autem et ullam. Nulla explicabo autem ratione saepe et voluptas ut quam. Nihil et voluptatem ipsam sed saepe alias.', 4, 11, '2019-04-28 15:53:59', '2019-04-28 15:53:59'),
(178, 'Dr. Orlando Friesen', 'Aut nulla repellat qui quod aut earum. A culpa debitis id omnis dolorem. Dolor nulla beatae odio voluptas est aut dolore. Quaerat tempore quis deserunt odit molestiae et.', 3, 37, '2019-04-28 15:53:59', '2019-04-28 15:53:59'),
(179, 'Jonatan Ledner Sr.', 'Non quibusdam aut dicta nulla. Illum et aliquid eius odio in eius vel. Enim maxime nostrum perferendis vel mollitia perferendis. Est accusamus porro ex repellendus.', 5, 25, '2019-04-28 15:53:59', '2019-04-28 15:53:59'),
(180, 'Jennings Schumm', 'Autem harum sed sint voluptate sed maxime. Perspiciatis assumenda totam earum. Voluptas dolor unde earum aut eligendi cum veritatis. Voluptas quia est omnis necessitatibus nihil dicta velit.', 3, 37, '2019-04-28 15:53:59', '2019-04-28 15:53:59'),
(181, 'Dr. Morton Okuneva V', 'Rerum iste quia hic eius. Fugit non non qui tempore dolores qui. Qui accusamus et culpa sed.', 3, 25, '2019-04-28 15:53:59', '2019-04-28 15:53:59'),
(182, 'Hobart Schroeder', 'Tempora minus quidem magni dicta. Et quas sit dolores exercitationem omnis. Ullam magni corporis iure dignissimos velit cupiditate.', 2, 23, '2019-04-28 15:53:59', '2019-04-28 15:53:59'),
(183, 'Miss Audie Fritsch III', 'Quo sint et illum quos delectus vel. Quia quo culpa voluptatum nesciunt similique sint. Enim ipsa non rerum debitis. Iste explicabo esse perspiciatis magni fugit sunt.', 2, 12, '2019-04-28 15:53:59', '2019-04-28 15:53:59'),
(184, 'Vena Macejkovic I', 'Excepturi sequi reprehenderit veritatis autem facilis saepe. Itaque molestiae tenetur enim laboriosam et. Inventore numquam temporibus libero laboriosam molestias qui.', 5, 34, '2019-04-28 15:53:59', '2019-04-28 15:53:59'),
(185, 'Jabari Schmidt', 'Qui doloremque ex repellendus. Aut quo ullam neque architecto voluptatem earum voluptate perspiciatis.', 1, 1, '2019-04-28 15:53:59', '2019-04-28 15:53:59'),
(186, 'Jamie Hermann', 'Officia consequatur incidunt rerum suscipit perferendis et ut. Rerum sit numquam laborum ea dolores. Consequatur quisquam mollitia distinctio impedit fugit.', 2, 24, '2019-04-28 15:53:59', '2019-04-28 15:53:59'),
(187, 'Ora Kohler', 'Cupiditate autem amet deleniti est ut deleniti qui. Ullam est totam velit dolorem laudantium ipsa qui. Saepe iste quam et harum omnis id ex.', 0, 49, '2019-04-28 15:53:59', '2019-04-28 15:53:59'),
(188, 'Mr. Korey Lindgren PhD', 'Odit saepe deleniti vel ad. Dolorem repellendus et qui tenetur qui ipsa. Eos alias porro architecto dolor velit et et. Atque eligendi maiores omnis quos.', 2, 15, '2019-04-28 15:53:59', '2019-04-28 15:53:59'),
(189, 'Theron Herman', 'Enim ut temporibus tempore eos rerum et. Vero quo iure eum eveniet tempore cumque consequatur non. Eum nostrum reprehenderit ratione magni. Eius sed quis dolor molestiae quisquam.', 2, 41, '2019-04-28 15:53:59', '2019-04-28 15:53:59'),
(190, 'Frances Volkman V', 'Ea in est dicta ut. Dicta qui aut reiciendis aspernatur neque. Veritatis totam et doloremque blanditiis et.', 2, 3, '2019-04-28 15:53:59', '2019-04-28 15:53:59'),
(191, 'Amelia Daniel', 'Est harum omnis similique repellendus dolor possimus aut. Explicabo velit vel omnis non repellendus ex. Ipsa qui dolorem eius quas maiores sint fuga. Tenetur ab distinctio qui quod quas sit. Quod ea sed et quis.', 1, 26, '2019-04-28 15:53:59', '2019-04-28 15:53:59'),
(192, 'Westley Parisian', 'Voluptatem repellendus quam veniam et explicabo vel temporibus. Amet ex iste quia maxime earum. Et dolor laborum fugiat laudantium. Sed sapiente eius enim repellendus.', 3, 24, '2019-04-28 15:53:59', '2019-04-28 15:53:59'),
(193, 'Dr. Agustin Hilpert II', 'Sit vel doloremque fuga. Hic suscipit itaque beatae doloremque quis modi porro. Architecto fugiat suscipit et inventore totam. Dolore pariatur velit cum sunt expedita praesentium.', 4, 7, '2019-04-28 15:53:59', '2019-04-28 15:53:59'),
(194, 'Hiram Bauch', 'Dolorem ea suscipit dicta nihil sunt ab nihil atque. Consectetur omnis dolor quasi asperiores. Voluptas odio sed quia.', 3, 21, '2019-04-28 15:53:59', '2019-04-28 15:53:59'),
(195, 'Mrs. Emely Kris', 'Officiis eaque atque dolor nisi facere nemo. Perspiciatis a nihil velit assumenda quae sint saepe. Magnam eligendi non quasi ut illo.', 0, 12, '2019-04-28 15:53:59', '2019-04-28 15:53:59'),
(196, 'Miss Reanna Hickle', 'Ut dolor et cupiditate aut. Ea qui velit numquam quos omnis. Nesciunt est reprehenderit et.', 0, 29, '2019-04-28 15:53:59', '2019-04-28 15:53:59'),
(197, 'Ernestina Bradtke DVM', 'Est reprehenderit magnam rerum ducimus quibusdam. Sunt ex dignissimos iusto dolorem quisquam qui. Reprehenderit laudantium pariatur doloribus et deserunt.', 5, 6, '2019-04-28 15:53:59', '2019-04-28 15:53:59'),
(198, 'Brown Beahan', 'Sunt quia sint consequatur culpa tempore quidem. Consequatur nihil aut inventore vitae neque enim nam. Accusantium aut quia omnis.', 3, 35, '2019-04-28 15:53:59', '2019-04-28 15:53:59'),
(199, 'Prof. Baron Ritchie', 'Autem ipsum ea quas. Molestiae commodi nostrum distinctio temporibus eos saepe ipsa. Et dolorum est et quia et. Quia velit iusto illum et et.', 3, 35, '2019-04-28 15:53:59', '2019-04-28 15:53:59'),
(200, 'Lura Wisozk', 'Repellendus impedit ut reiciendis est assumenda. Non accusamus quaerat et. Ullam qui voluptatem voluptatem harum est odio illo. Autem porro iste ea eveniet.', 1, 35, '2019-04-28 15:53:59', '2019-04-28 15:53:59'),
(201, 'Osborne Frami', 'Ipsa laborum dolorem in omnis impedit. Delectus ipsum perspiciatis ut. Soluta enim voluptas eos officiis praesentium vel beatae.', 0, 26, '2019-04-28 15:53:59', '2019-04-28 15:53:59'),
(202, 'Alanna Paucek', 'Voluptatem id natus corporis voluptatum recusandae. Nostrum ea nesciunt inventore perspiciatis quidem consectetur occaecati dolores. Quam repellat minima vel veniam possimus necessitatibus. Consequatur et nemo inventore impedit fuga.', 4, 14, '2019-04-28 15:53:59', '2019-04-28 15:53:59'),
(203, 'Maia Franecki', 'Porro ab animi accusamus in praesentium. Consequuntur eius cupiditate temporibus omnis cupiditate. Culpa sed eius deleniti harum beatae aut voluptatibus.', 2, 25, '2019-04-28 15:53:59', '2019-04-28 15:53:59'),
(204, 'Noe Nikolaus', 'Commodi voluptas beatae minus rerum quasi vel. Voluptatem molestiae eius non voluptatum vel voluptatem. Est odio dolor qui itaque eaque. Facilis nobis nihil molestias repellendus. Voluptatem velit vel consequatur aut expedita et.', 5, 26, '2019-04-28 15:53:59', '2019-04-28 15:53:59'),
(205, 'Kelton Stiedemann DDS', 'Nulla id quos dolorem illum reiciendis. Numquam est magnam cupiditate totam. Eligendi omnis sequi aut. Dolores molestiae distinctio nihil eos fugiat saepe. Fugiat quo debitis sapiente non sed cum voluptatibus.', 1, 36, '2019-04-28 15:53:59', '2019-04-28 15:53:59'),
(206, 'Prof. Teresa Lang', 'Omnis hic natus eveniet maxime ea natus eum. Eos eos sit labore autem voluptas eos modi. Fugiat rerum sunt non omnis.', 5, 21, '2019-04-28 15:53:59', '2019-04-28 15:53:59'),
(207, 'Adelle Crist', 'Adipisci ab sint repellat autem cumque. Reprehenderit itaque suscipit explicabo ea molestias et possimus. Nesciunt maiores vel at ratione quia libero officiis.', 3, 42, '2019-04-28 15:53:59', '2019-04-28 15:53:59'),
(208, 'Waldo Emard III', 'Iusto commodi sunt illo reiciendis. Nam odit assumenda quam eos aliquid.', 3, 45, '2019-04-28 15:53:59', '2019-04-28 15:53:59'),
(209, 'Vernon Jast IV', 'Molestias dolorem est accusantium illo dolore perspiciatis iusto est. Sed itaque est explicabo deleniti omnis. Illo officia est neque. Deserunt quibusdam animi iusto maiores.', 5, 6, '2019-04-28 15:53:59', '2019-04-28 15:53:59'),
(210, 'Ibrahim McCullough', 'Soluta qui magnam et tempore. Velit amet quis a illo quaerat maiores.', 0, 5, '2019-04-28 15:53:59', '2019-04-28 15:53:59'),
(211, 'Gianni Conroy', 'Sit adipisci eligendi blanditiis sint voluptatibus quibusdam temporibus. Ipsa delectus cum eius sunt. Consequuntur aut in sapiente ullam quisquam. Ipsam perferendis est qui ut.', 0, 10, '2019-04-28 15:53:59', '2019-04-28 15:53:59');
INSERT INTO `reviews` (`id`, `customer`, `review`, `star`, `product_id`, `created_at`, `updated_at`) VALUES
(212, 'Maya Gleason', 'Eos aliquid adipisci quasi. Ad numquam facere consequatur sunt distinctio. Expedita enim harum eveniet exercitationem consectetur nulla ullam. Nihil dolor voluptatem laboriosam quia ullam.', 0, 44, '2019-04-28 15:53:59', '2019-04-28 15:53:59'),
(213, 'Adalberto Bernhard', 'Placeat consequatur rerum aperiam non labore provident exercitationem. Et reprehenderit tempore voluptatem et deserunt.', 5, 45, '2019-04-28 15:53:59', '2019-04-28 15:53:59'),
(214, 'Nola Corwin', 'Quam ratione reprehenderit quasi nesciunt. Iusto nobis enim sapiente molestias non voluptas minima. Tempore inventore ut est.', 2, 12, '2019-04-28 15:53:59', '2019-04-28 15:53:59'),
(215, 'Meagan Torp III', 'Consequatur et at dolore minima eum. Est beatae non veniam omnis mollitia qui nostrum. Qui et quas rem enim. Consequatur repellendus aperiam et natus sed.', 2, 47, '2019-04-28 15:53:59', '2019-04-28 15:53:59'),
(216, 'Prof. Addie Toy', 'Aut sit exercitationem sequi et quod. Sunt amet eum et voluptatem at culpa dolor sunt. Quia velit corrupti reiciendis sequi aliquam alias omnis. Similique voluptatem quis qui aut.', 3, 39, '2019-04-28 15:53:59', '2019-04-28 15:53:59'),
(217, 'Clarissa Will PhD', 'Quis et exercitationem commodi praesentium omnis porro quo. Quis eaque aut delectus rerum maxime deserunt esse. Dolorem qui et dicta atque amet eum repellendus. Et autem nisi aut voluptas optio quas.', 3, 10, '2019-04-28 15:53:59', '2019-04-28 15:53:59'),
(218, 'Miguel Gibson', 'Accusamus laudantium ut eum consequatur magnam. Porro aperiam aut quibusdam incidunt aperiam ex. Reprehenderit doloribus id enim distinctio iusto alias sed. Et dicta saepe reiciendis excepturi quia.', 5, 1, '2019-04-28 15:53:59', '2019-04-28 15:53:59'),
(219, 'Beryl Krajcik', 'Quos ut qui dolore dolorum sapiente amet. Voluptatem assumenda iste quia dolorem. Reprehenderit sint molestiae et autem quaerat natus. Doloribus ratione praesentium nostrum dicta fugit distinctio. Voluptatibus sunt velit ratione et ut laudantium libero.', 0, 8, '2019-04-28 15:53:59', '2019-04-28 15:53:59'),
(220, 'Miss Christiana Blanda', 'Molestiae dolor ut modi placeat est et. Ut debitis aut vitae amet porro occaecati. Quo nihil ex nam ad optio maxime dolor.', 0, 33, '2019-04-28 15:53:59', '2019-04-28 15:53:59'),
(221, 'Candice Prohaska MD', 'Alias iusto et velit nisi nulla. Provident fugit saepe eaque. Laborum est tenetur eius voluptate ipsa sed repellat.', 0, 39, '2019-04-28 15:53:59', '2019-04-28 15:53:59'),
(222, 'Janick Mayer', 'Dolorem et recusandae quasi a numquam sit. Est fugit enim quis magnam non ut consequatur.', 3, 21, '2019-04-28 15:53:59', '2019-04-28 15:53:59'),
(223, 'Orie Runolfsdottir', 'Molestias repellendus alias saepe quasi esse voluptas rem. Vero sit ut aperiam facilis et iusto. Laborum eligendi voluptatem qui aliquam.', 5, 46, '2019-04-28 15:53:59', '2019-04-28 15:53:59'),
(224, 'Ms. Grace Green DDS', 'Sit error nam quibusdam quo. Qui dolorem sint quidem voluptatem similique blanditiis itaque.', 2, 43, '2019-04-28 15:53:59', '2019-04-28 15:53:59'),
(225, 'Kyleigh Willms', 'Velit enim iure consequatur dicta quod consequuntur. Magni quia natus ipsam. Eum quibusdam perferendis dolor omnis sit.', 0, 45, '2019-04-28 15:53:59', '2019-04-28 15:53:59'),
(226, 'Jarrell Wolff', 'Inventore accusamus voluptatem enim ut fuga nisi. Et autem veritatis cumque. Possimus asperiores molestias magnam eum repellendus. Quia et vero ut dignissimos quisquam fugit.', 2, 15, '2019-04-28 15:53:59', '2019-04-28 15:53:59'),
(227, 'Sven Haag', 'Ut cupiditate voluptatem delectus consequatur. Consequatur consequatur ipsam officiis qui asperiores. Sunt sed aut dolore. Magnam ipsam officiis alias dolorem at suscipit.', 5, 24, '2019-04-28 15:53:59', '2019-04-28 15:53:59'),
(228, 'Else Gorczany', 'Maxime et quia voluptatum fuga in non exercitationem. Quod aut dignissimos ducimus ad hic. Consequuntur rerum iusto alias.', 3, 21, '2019-04-28 15:53:59', '2019-04-28 15:53:59'),
(229, 'Ms. Vicky Hane IV', 'Quidem ut maiores ut voluptas pariatur. Voluptatem iste dignissimos aut placeat molestias ad. Culpa nostrum incidunt et necessitatibus provident.', 2, 7, '2019-04-28 15:53:59', '2019-04-28 15:53:59'),
(230, 'Myah Waelchi', 'Quis iusto repellendus nam voluptas cumque qui non. Minima et sed praesentium voluptatum assumenda. Culpa odit ut magni veniam. Aut id est qui maiores natus qui id. Aliquid commodi quam et provident a quo.', 2, 28, '2019-04-28 15:53:59', '2019-04-28 15:53:59'),
(231, 'Kameron Gusikowski', 'Eum occaecati in libero. Dolorum facilis totam et animi. Consequatur veritatis commodi sunt velit autem aperiam.', 3, 40, '2019-04-28 15:53:59', '2019-04-28 15:53:59'),
(232, 'Prof. Angelita Donnelly II', 'Magni nesciunt id sit aliquid perferendis dignissimos repudiandae. Perspiciatis eum id magnam. Amet ullam accusamus corporis omnis quis.', 4, 19, '2019-04-28 15:53:59', '2019-04-28 15:53:59'),
(233, 'Carey Lemke', 'Vero est enim aut rerum omnis eum. Voluptatum inventore aut id molestiae autem. Esse aut reiciendis reprehenderit. Quia sed in praesentium accusamus fugit totam ex earum.', 3, 12, '2019-04-28 15:53:59', '2019-04-28 15:53:59'),
(234, 'Emery Marquardt', 'Voluptates ad reiciendis fugiat et porro nobis. Suscipit adipisci rem cupiditate vero. Rerum qui iure minima incidunt neque ipsum possimus sed.', 2, 49, '2019-04-28 15:53:59', '2019-04-28 15:53:59'),
(235, 'Lucious Littel', 'Dolores est voluptates amet. Fuga est magni itaque ea. Modi quaerat architecto sit.', 0, 22, '2019-04-28 15:53:59', '2019-04-28 15:53:59'),
(236, 'Eugenia Adams', 'Voluptatem consequuntur adipisci aut. Sed dicta est beatae consectetur. Libero excepturi sunt incidunt assumenda accusantium aspernatur. Atque aut quis odit deleniti inventore fuga. Totam et ea tenetur dolorem.', 3, 24, '2019-04-28 15:53:59', '2019-04-28 15:53:59'),
(237, 'Anibal Parker', 'Blanditiis animi perferendis ducimus. Nihil aperiam tempore magni sunt. Repellat est ullam impedit earum inventore.', 3, 6, '2019-04-28 15:53:59', '2019-04-28 15:53:59'),
(238, 'Abagail Cronin', 'Odit inventore eos ratione accusantium quo. Ipsa ullam maiores at excepturi quaerat magni. Excepturi sed amet et facilis consequuntur fugiat. Corrupti modi numquam qui excepturi fuga totam repellendus. Maxime nobis rerum qui autem officia rerum doloremque.', 3, 36, '2019-04-28 15:53:59', '2019-04-28 15:53:59'),
(239, 'Brown Prohaska', 'Autem est molestias sit repellat. Quaerat repudiandae molestiae sunt autem. Deleniti ut quae pariatur accusamus tempore sunt non. Nesciunt sunt ut expedita quia rerum laborum.', 2, 38, '2019-04-28 15:53:59', '2019-04-28 15:53:59'),
(240, 'Mr. Monserrat Gleason', 'Error et occaecati facere et voluptas accusamus. Delectus molestiae dolor omnis quod voluptas tempore exercitationem vel. Sint ut esse molestiae sunt. Repudiandae ea veritatis deserunt et voluptatibus perferendis praesentium amet.', 3, 21, '2019-04-28 15:53:59', '2019-04-28 15:53:59'),
(241, 'Marcos Mohr', 'Ut omnis ipsa quo vero dolorum. Eveniet dicta debitis dolorem et magnam sit. Cum non aut totam harum.', 5, 46, '2019-04-28 15:53:59', '2019-04-28 15:53:59'),
(242, 'Timmy Corwin MD', 'Tenetur placeat voluptatem sequi neque assumenda ut quo porro. Dolorem rem et consequatur cupiditate sit porro. Autem nesciunt reiciendis non a.', 0, 1, '2019-04-28 15:53:59', '2019-04-28 15:53:59'),
(243, 'Wendy Mayert', 'Mollitia adipisci consectetur veniam. Libero nisi quisquam officia unde veritatis voluptas hic. Iste esse aut iste quam. Qui adipisci ut sequi amet vitae ut.', 3, 35, '2019-04-28 15:53:59', '2019-04-28 15:53:59'),
(244, 'Dr. Josie Renner III', 'Vel voluptas vero aut molestias molestias consectetur tenetur quo. Similique delectus sit impedit commodi. Sed aut architecto incidunt non ut fuga praesentium eos.', 2, 43, '2019-04-28 15:53:59', '2019-04-28 15:53:59'),
(245, 'Don Oberbrunner Sr.', 'Dolor maxime consectetur quidem porro in animi cumque. Quae amet distinctio aut unde nihil voluptate eligendi. Hic ratione fuga sit qui et officiis omnis. Adipisci delectus aliquid veniam.', 1, 12, '2019-04-28 15:53:59', '2019-04-28 15:53:59'),
(246, 'Mrs. Lois Veum I', 'Possimus fugiat reiciendis molestiae voluptatem ut aut ipsa placeat. Suscipit esse quo placeat iste. Et ab est ab occaecati rerum omnis non natus.', 5, 24, '2019-04-28 15:53:59', '2019-04-28 15:53:59'),
(247, 'Tiana Nader', 'Minus nihil sunt omnis aliquid consequatur. Earum dolores possimus impedit ea alias. Minus enim aut autem velit velit impedit quo.', 2, 18, '2019-04-28 15:53:59', '2019-04-28 15:53:59'),
(248, 'Kennith Braun', 'Numquam eligendi nam quod alias. Laboriosam animi fugiat adipisci sequi quae voluptate nisi ut. Sunt in eum accusantium quia cumque pariatur. Similique sit laboriosam praesentium non ratione.', 1, 13, '2019-04-28 15:53:59', '2019-04-28 15:53:59'),
(249, 'Marlee Nader PhD', 'Impedit eos corrupti facilis. Maxime quia omnis consectetur iste odio excepturi. Voluptas voluptatem ipsam sed sequi placeat libero architecto. Omnis officiis explicabo non aspernatur.', 1, 39, '2019-04-28 15:53:59', '2019-04-28 15:53:59'),
(250, 'Daisha Stiedemann DDS', 'Est id omnis deserunt incidunt. Porro consequuntur et repellat enim voluptas.', 4, 35, '2019-04-28 15:53:59', '2019-04-28 15:53:59'),
(251, 'Prof. Ettie Ruecker', 'Rerum accusantium molestiae molestiae rerum voluptate eum ipsum. Hic nulla quo soluta quidem quo vel.', 4, 35, '2019-04-28 15:53:59', '2019-04-28 15:53:59'),
(252, 'Liliane Howell', 'Sit distinctio dolorem eveniet velit minus. Deserunt dolores laboriosam sit ut cumque ducimus eos omnis. Quos qui quo illum explicabo minima minima quibusdam.', 3, 48, '2019-04-28 15:53:59', '2019-04-28 15:53:59'),
(253, 'Triston Block', 'Quasi ipsam nam molestiae eum. At quia ut quas saepe harum dolor. Saepe unde possimus aut.', 4, 9, '2019-04-28 15:53:59', '2019-04-28 15:53:59'),
(254, 'Alexane Robel', 'Quo facilis vero enim eaque ducimus quam. Accusamus necessitatibus voluptates est et a ratione mollitia.', 2, 15, '2019-04-28 15:53:59', '2019-04-28 15:53:59'),
(255, 'Maye Hodkiewicz', 'Amet quibusdam ducimus qui incidunt qui odit esse. Perferendis eius velit est maiores soluta eum. Non fugit iusto molestias et. Aperiam quia placeat eum id qui maiores temporibus.', 3, 39, '2019-04-28 15:53:59', '2019-04-28 15:53:59'),
(256, 'Jordon Monahan', 'Accusamus cum sed quia impedit non. Consequatur eum recusandae officiis eos sed veniam dignissimos exercitationem. Molestiae accusantium totam eum autem eum vero.', 3, 33, '2019-04-28 15:53:59', '2019-04-28 15:53:59'),
(257, 'Elnora Beahan', 'Vel sequi voluptates consequatur alias hic eum commodi. Ratione labore dolores quis animi illo error quasi nisi. Officia cupiditate nobis ut dicta rerum placeat.', 4, 29, '2019-04-28 15:53:59', '2019-04-28 15:53:59'),
(258, 'Durward Towne Jr.', 'Ea eos mollitia ipsum totam aspernatur dolor. Est est illo rerum ad. Dolorem molestias dolores aperiam occaecati ut tempore.', 1, 46, '2019-04-28 15:53:59', '2019-04-28 15:53:59'),
(259, 'Emmet Kuvalis', 'Maxime voluptatem ab qui consequuntur vel sequi et. Voluptas iusto voluptatum esse saepe iusto voluptatum explicabo. Sint sint sed sint harum.', 2, 24, '2019-04-28 15:53:59', '2019-04-28 15:53:59'),
(260, 'Deja Rath', 'Qui ratione incidunt aut officia animi. Et modi est minima autem. Sed sit non ex eius. Ipsum sed ut eum sint repudiandae.', 3, 44, '2019-04-28 15:53:59', '2019-04-28 15:53:59'),
(261, 'Prof. Rhea Miller IV', 'Sapiente dolores et molestiae. Recusandae tenetur magni aut. Enim perferendis voluptatum distinctio nostrum quos aliquid est. Ut aut et quibusdam et.', 4, 37, '2019-04-28 15:53:59', '2019-04-28 15:53:59'),
(262, 'Kamren Paucek DVM', 'Et ea voluptatem quo nam et et est eaque. Et perferendis qui nisi nobis aut aut. Voluptatem praesentium perferendis possimus illum consequuntur.', 3, 20, '2019-04-28 15:53:59', '2019-04-28 15:53:59'),
(263, 'Osbaldo Ferry I', 'Sunt quam error saepe doloremque rerum eius libero. Et velit laborum adipisci quidem incidunt. Nulla sed et ut voluptatem et repellat repellat.', 1, 28, '2019-04-28 15:53:59', '2019-04-28 15:53:59'),
(264, 'Claudie Dach', 'Ea cum officia dolor dicta magnam eligendi repudiandae et. Et fugit voluptate dolorem vero quis. Mollitia deserunt voluptatibus quae praesentium aliquam libero dicta.', 4, 32, '2019-04-28 15:53:59', '2019-04-28 15:53:59'),
(265, 'Easton Greenholt', 'Qui repellendus quae consequatur distinctio. Quia fugit alias unde consequuntur aut. Doloribus amet officiis aut corrupti et adipisci asperiores. Consectetur sit consequatur quis quia nobis exercitationem est.', 2, 17, '2019-04-28 15:53:59', '2019-04-28 15:53:59'),
(266, 'Prof. Edwin Batz DDS', 'Voluptas eos non aperiam dicta eaque sed. Occaecati id sit non tempora repellat incidunt. Id sit optio et et eos dolorem.', 2, 14, '2019-04-28 15:53:59', '2019-04-28 15:53:59'),
(267, 'Dr. Pearline Cremin Sr.', 'Consectetur dolores incidunt aut asperiores veritatis consequatur. Itaque officia optio aut consequatur. Incidunt exercitationem distinctio vitae. Cumque iusto quidem dolore alias.', 2, 36, '2019-04-28 15:53:59', '2019-04-28 15:53:59'),
(268, 'Laverne Ruecker', 'Tempore veniam soluta dolores doloribus consectetur odit id. Recusandae deleniti porro et excepturi maiores voluptates exercitationem quam. Tempore et totam magnam dolores voluptate dolores in. Nihil doloribus labore nemo eaque recusandae eos repellat.', 2, 32, '2019-04-28 15:53:59', '2019-04-28 15:53:59'),
(269, 'Leda Reinger', 'Enim nobis minima aut modi corrupti sint. Repellat aliquam assumenda id non. Saepe natus et reiciendis aut velit.', 1, 50, '2019-04-28 15:53:59', '2019-04-28 15:53:59'),
(270, 'Santino Hahn', 'Voluptate optio ad qui et. Iure temporibus consequuntur at omnis. Beatae id minima aut asperiores aliquid autem.', 5, 14, '2019-04-28 15:53:59', '2019-04-28 15:53:59'),
(271, 'Prof. Osbaldo Abshire Jr.', 'Architecto aut velit et laborum porro aperiam. Quo et dolorum sequi quibusdam. Quas repellendus reiciendis natus et dolorem.', 1, 27, '2019-04-28 15:53:59', '2019-04-28 15:53:59'),
(272, 'Jabari Dach', 'Recusandae placeat qui neque distinctio. Aliquam perferendis aliquam laudantium at. Ut magni omnis accusamus sed debitis pariatur. Voluptatem natus unde at porro est voluptates quod.', 1, 15, '2019-04-28 15:53:59', '2019-04-28 15:53:59'),
(273, 'Thora Barrows', 'Magnam molestiae aliquam id. Enim officia aspernatur doloremque molestias laboriosam ex soluta. Quidem quae architecto quia cum quisquam laboriosam.', 1, 13, '2019-04-28 15:53:59', '2019-04-28 15:53:59'),
(274, 'Mr. Jeramy Raynor', 'Molestiae labore distinctio vitae. Ab vel quis ea ut. Nihil aspernatur qui nemo.', 0, 23, '2019-04-28 15:53:59', '2019-04-28 15:53:59'),
(275, 'Noe Kessler', 'Odit dolorem quos laudantium enim. Magni et iure repellendus. Deserunt voluptatibus sapiente ut ut architecto minus impedit ea.', 2, 49, '2019-04-28 15:53:59', '2019-04-28 15:53:59'),
(276, 'Mr. Cleo Kunze V', 'Soluta ab sequi possimus molestiae est minima. Reiciendis natus et omnis laudantium praesentium. Molestiae facilis et sed facere.', 2, 35, '2019-04-28 15:53:59', '2019-04-28 15:53:59'),
(277, 'Vito Hand', 'Quaerat illum natus eum. Voluptatem magni voluptatem dignissimos labore perferendis. Perferendis quia quo accusamus consequatur delectus accusamus mollitia. Autem animi ut excepturi quo.', 1, 40, '2019-04-28 15:53:59', '2019-04-28 15:53:59'),
(278, 'Mr. Alec Hoeger Sr.', 'Ad impedit id nobis. Voluptatem voluptatem non tempore. Tenetur consequatur dolores ipsa fugit cupiditate consequatur. Soluta et impedit asperiores.', 3, 27, '2019-04-28 15:53:59', '2019-04-28 15:53:59'),
(279, 'Sydni Rohan', 'Et occaecati qui harum nam similique. Beatae non qui cum ipsam deserunt. Doloribus optio quidem cupiditate voluptas quis quia. Est et ullam excepturi quasi consequuntur.', 1, 1, '2019-04-28 15:53:59', '2019-04-28 15:53:59'),
(280, 'Yazmin Reichel', 'Hic unde laboriosam fugit natus cumque laboriosam. Facere repellat culpa ullam dolores illo impedit vitae. Facere assumenda quidem quia dolorem cum.', 0, 4, '2019-04-28 15:53:59', '2019-04-28 15:53:59'),
(281, 'Dr. Yvonne Swift', 'Enim in ducimus aliquam consequatur. Voluptatem qui explicabo at aut quam eum.', 2, 32, '2019-04-28 15:53:59', '2019-04-28 15:53:59'),
(282, 'Isai Kohler', 'Aut iusto saepe et dolor in facilis. Accusamus voluptatem laudantium qui reprehenderit. Quis est quia sit et quia et incidunt. Et ipsa ut rerum nihil rerum enim. Quis ratione vero ut voluptatem ut aspernatur tempora.', 4, 15, '2019-04-28 15:53:59', '2019-04-28 15:53:59'),
(283, 'Mrs. Alexandrine Witting', 'Quae vel commodi ut asperiores veniam voluptatem. Inventore molestiae maxime corporis unde qui. Et aut voluptatem ut. Quam quo vitae distinctio qui a quaerat.', 5, 39, '2019-04-28 15:53:59', '2019-04-28 15:53:59'),
(284, 'Prof. Krista Swaniawski', 'Voluptatum ut non provident provident sequi nostrum. Sit amet voluptas qui amet. Id est facere eius sit porro nihil.', 2, 40, '2019-04-28 15:53:59', '2019-04-28 15:53:59'),
(285, 'Perry Ernser', 'Porro asperiores neque laborum. Nobis enim consequatur quod architecto at.', 5, 26, '2019-04-28 15:53:59', '2019-04-28 15:53:59'),
(286, 'Dr. Kim Goldner', 'Libero ut delectus quidem et nesciunt placeat. Eius aspernatur fugiat repellat necessitatibus eius. Temporibus ut ut omnis cupiditate sed adipisci ut illum.', 5, 11, '2019-04-28 15:53:59', '2019-04-28 15:53:59'),
(287, 'Francisco Hettinger III', 'Ea omnis nihil doloribus est vel. Laboriosam delectus ut quae quae minus quia maxime. Exercitationem beatae voluptas earum consequatur atque qui ut.', 0, 31, '2019-04-28 15:53:59', '2019-04-28 15:53:59'),
(288, 'Kamryn Corwin', 'Rem ut eum veritatis est. Quidem recusandae blanditiis enim quasi. Illo optio fugit id iusto.', 2, 12, '2019-04-28 15:53:59', '2019-04-28 15:53:59'),
(289, 'Chaz Lakin', 'Laboriosam et iusto numquam quasi repudiandae numquam. Voluptatem est distinctio ut eos. Optio ducimus maxime debitis nostrum.', 5, 1, '2019-04-28 15:53:59', '2019-04-28 15:53:59'),
(290, 'Miss Aaliyah Goodwin II', 'At quis maxime architecto excepturi. Sed repellat perspiciatis cumque voluptatem aut nemo. Ut non culpa dolorum.', 2, 22, '2019-04-28 15:53:59', '2019-04-28 15:53:59'),
(291, 'Arlene Davis', 'Exercitationem nobis cum et soluta. Atque molestias assumenda repellat nihil. Ab corporis ipsum pariatur assumenda eos sapiente. Assumenda architecto praesentium similique ducimus eaque inventore.', 3, 29, '2019-04-28 15:53:59', '2019-04-28 15:53:59'),
(292, 'Dr. Christelle Cremin II', 'Error ut culpa fuga beatae fugiat est asperiores harum. Harum veritatis sunt non sapiente. Repudiandae pariatur deleniti voluptas praesentium vel. Molestiae et aut voluptatibus in aperiam id eligendi.', 2, 50, '2019-04-28 15:53:59', '2019-04-28 15:53:59'),
(293, 'Marquise Kuhlman', 'Ipsum et animi explicabo voluptas reiciendis qui. Accusamus distinctio eos facere laudantium dolores. Asperiores facere sunt aliquid voluptatum quod eum est quasi.', 2, 37, '2019-04-28 15:53:59', '2019-04-28 15:53:59'),
(294, 'Natasha Koepp', 'Porro dolorum quo velit aut libero ut occaecati. Voluptas error accusantium repudiandae. Velit autem voluptatem quasi animi. Possimus corrupti ut aspernatur.', 1, 30, '2019-04-28 15:53:59', '2019-04-28 15:53:59'),
(295, 'Janick Ortiz', 'Dolor sunt sunt sunt assumenda nihil voluptatum dolorem qui. Sed quia nulla pariatur qui similique corrupti. Minima repellendus ut quia praesentium. Animi nam nam voluptas voluptas qui voluptas.', 4, 38, '2019-04-28 15:53:59', '2019-04-28 15:53:59'),
(296, 'Marietta Hane DVM', 'Consectetur saepe perferendis dolores deleniti. Esse et dicta nemo tenetur. Sed tempora aut molestiae eum. Architecto nulla nihil quibusdam blanditiis pariatur sed.', 4, 22, '2019-04-28 15:53:59', '2019-04-28 15:53:59'),
(297, 'Prof. Alia Schmitt DVM', 'Sequi aut dolorem quaerat voluptatibus. Sunt nisi harum aut voluptatibus. Eos placeat ea voluptas minus facere. Est et assumenda nobis qui doloribus.', 3, 33, '2019-04-28 15:53:59', '2019-04-28 15:53:59'),
(298, 'Annabelle Hayes', 'Necessitatibus aliquam recusandae molestiae harum nulla dolores ut animi. Asperiores impedit sunt perferendis vel expedita. Amet delectus repellat architecto excepturi quos ipsam.', 1, 27, '2019-04-28 15:53:59', '2019-04-28 15:53:59'),
(299, 'Libby Hauck', 'Aut ducimus iure delectus. Ut voluptas animi ut sint voluptatem facere quis. Aperiam minima est ab cumque dolorem. At non et et facilis et dolorem. Quasi hic temporibus qui voluptas maxime.', 0, 33, '2019-04-28 15:54:00', '2019-04-28 15:54:00'),
(300, 'Harry Padberg', 'Hic et atque cum. Esse ut dolor nisi debitis commodi. Quos debitis libero et.', 3, 36, '2019-04-28 15:54:00', '2019-04-28 15:54:00');

-- --------------------------------------------------------

--
-- Table structure for table `users`
--

CREATE TABLE `users` (
  `id` bigint(20) UNSIGNED NOT NULL,
  `name` varchar(191) COLLATE utf8mb4_unicode_ci NOT NULL,
  `email` varchar(191) COLLATE utf8mb4_unicode_ci NOT NULL,
  `email_verified_at` timestamp NULL DEFAULT NULL,
  `password` varchar(191) COLLATE utf8mb4_unicode_ci NOT NULL,
  `remember_token` varchar(100) COLLATE utf8mb4_unicode_ci DEFAULT NULL,
  `created_at` timestamp NULL DEFAULT NULL,
  `updated_at` timestamp NULL DEFAULT NULL
) ENGINE=InnoDB DEFAULT CHARSET=utf8mb4 COLLATE=utf8mb4_unicode_ci;

--
-- Indexes for dumped tables
--

--
-- Indexes for table `migrations`
--
ALTER TABLE `migrations`
  ADD PRIMARY KEY (`id`);

--
-- Indexes for table `password_resets`
--
ALTER TABLE `password_resets`
  ADD KEY `password_resets_email_index` (`email`);

--
-- Indexes for table `products`
--
ALTER TABLE `products`
  ADD PRIMARY KEY (`id`);

--
-- Indexes for table `reviews`
--
ALTER TABLE `reviews`
  ADD PRIMARY KEY (`id`),
  ADD KEY `reviews_product_id_foreign` (`product_id`);

--
-- Indexes for table `users`
--
ALTER TABLE `users`
  ADD PRIMARY KEY (`id`),
  ADD UNIQUE KEY `users_email_unique` (`email`);

--
-- AUTO_INCREMENT for dumped tables
--

--
-- AUTO_INCREMENT for table `migrations`
--
ALTER TABLE `migrations`
  MODIFY `id` int(10) UNSIGNED NOT NULL AUTO_INCREMENT, AUTO_INCREMENT=13;

--
-- AUTO_INCREMENT for table `products`
--
ALTER TABLE `products`
  MODIFY `id` bigint(20) UNSIGNED NOT NULL AUTO_INCREMENT, AUTO_INCREMENT=51;

--
-- AUTO_INCREMENT for table `reviews`
--
ALTER TABLE `reviews`
  MODIFY `id` bigint(20) UNSIGNED NOT NULL AUTO_INCREMENT, AUTO_INCREMENT=301;

--
-- AUTO_INCREMENT for table `users`
--
ALTER TABLE `users`
  MODIFY `id` bigint(20) UNSIGNED NOT NULL AUTO_INCREMENT;

--
-- Constraints for dumped tables
--

--
-- Constraints for table `reviews`
--
ALTER TABLE `reviews`
  ADD CONSTRAINT `reviews_product_id_foreign` FOREIGN KEY (`product_id`) REFERENCES `products` (`id`) ON DELETE CASCADE;
COMMIT;

/*!40101 SET CHARACTER_SET_CLIENT=@OLD_CHARACTER_SET_CLIENT */;
/*!40101 SET CHARACTER_SET_RESULTS=@OLD_CHARACTER_SET_RESULTS */;
/*!40101 SET COLLATION_CONNECTION=@OLD_COLLATION_CONNECTION */;
